页码,微博id,微博作者,发布时间,微博内容,转发数,评论数,点赞数,发布于,ip属地_城市,ip属地_省份,ip属地_国家
2,4988241025698322,中国教育报,2024-01-09 12:00:00,【多维助推文科科研项目管理高质量发展】 2022年，中共中央办公厅印发《国家“十四五”时期哲学社会科学发展规划》，强调加快中国特色哲学社会科学学科体系、学术体系、话语体系建设，为高校文科科研项目实现规范化、科学化管理和高质量新发展指明了前进方向。新时代背景下，高校文科科研项目管理应从“点、线、圆、层、面、体”多维发力，进一步提升高校哲学社会科学研究水平，为中国式现代化建设提供强有力的理论支撑和智力支持。    “点”——重难堵痛、靶向发力。厘清把握高校哲学社会科学研究发展过程中的重点、难点、堵点、痛点，是靶向发力、协同攻关的基本前提。首先，高校文科科研管理部门要重点关注中青年教师为主体的专任教师科研队伍、省部级以上高级别课题以及项目化管理的关键时间节点。其次，要倡导师生联合攻关，培养提升研究生的学术能力是发挥师生学术共同体效能的有效途径。再次，文科科研项目应广泛开源、变“堵”为“疏”。最后，高校分类考核中排名相对靠后的科研指标是制约高校发展的短板和痛点，因此要教、科、研等协同发力，逐项攻坚。    “线”——立结并重、精细管理。高校文科科研管理部门要不断提高管理人员的业务素质以及项目管理的信息化和数智化水平。优化科研管理系统和管理模式，升级科研管理信息系统，有助于打破行政条块分割的数据应用界限，避免重复建设、系统分割、资源浪费，科学有效提高文科科研项目的管理绩效。    “圆”——项目闭环、绩效兜底。闭环思维是始终贯穿于文科科研管理部门的科学有效管理理念，是提高项目管理效率和管理水平的有效途径。高校文科科研管理部门运用科学的闭环模型和专业的项目管理工具，将项目管理结构化、信息化、数智化，有助于激发研究人员的内生动力。与此同时，要发挥科研评价体系的作用，把改革绩效考核作为兜底措施，将课题按期结题率列入目标考核指标体系，加快项目流转，以根治“重立项轻结项”痼疾，引导学术创新，促进高校哲学社会科学研究的健康可持续发展。    “层”——项目分层、人员分类。社科规划类和教育人文社科类这两大项目序列是纵向科研立项突破的两个方向。每一个序列都由“国家—省—市”“重大—重点—一般—青年”等不同层级的项目构成。从事哲学社会科学研究的校内主体是专任教师、辅导员、部分行政人员和研究生。高校文科科研管理部门应根据申报人员的特点和级别，精准推送宣传相关课题，做好人员导流，以减少“塞车”或“空路”现象。    “面”——开疆拓土、横边纵顶。项目数量限制和选项不足是高校哲学社会科学研究项目申报“拥堵”的主要原因。高校文科科研管理部门有必要在课题项目遴选方面开疆拓土，广泛探索申报资源。纵向课题重在级别，横向课题重在挖潜，智库建设重在实效。要积极对接科研主管部门、地方政府以及合作企业，推动重点领域人才、团队、平台、项目、成果等方面的资源配置，以平台化、项目化、一体化方式推进政校企密切合作，产学研深度融合。    “体”——全科全域、交叉文理。科研项目管理不仅仅是文科科研管理部门的单兵作战，而是科研管理部门同各学院（部）、系（专业）、所、团队、平台、相关职能部门等的协同作战。高校文科科研管理部门应积极打造学术共同体，凝聚全校、全员、全科、全域力量，大力做好文理交叉、学科渗透、联合攻关、融合发展；要以学科交叉融合为推手，打破制约知识、技术、人才等创新要素流动的壁垒，开展校内外专家跨学科研究的定期交流，提升哲学社会科学学术创新水平。    站在繁荣中国特色哲学社会科学发展的重要历史发展方位，高校文科科研管理要实现高质量新发展需通过“点—线—圆”盘存量，向存量要质量；通过“层—面—体”保增量，向增量要体量，构筑哲学社会科学研究学术共同体，在中国式现代化建设的新征程中担负起历史使命和时代担当。  （作者：郭印 刘明强 单位系青岛理工大学）,2,0,2,,北京,北京,中国
2,4984043363895776,张军文,2023-12-28 22:00:00,#志愿者365#  2.为农村基层医疗机构提供各种医疗技术帮扶：为乡村医生提供相应的业务知识培训；面向农村基层医疗机构和医务人员开展技术帮扶、学术交流、医学新技术、新项目管理知识培训，面向广大农村居民开展大众健康讲座、科普知识宣传和义诊咨询活动；利用网络、影像等信息平台对农村基层医务人员进行技术指导、知识讲座和医疗远程技术服务等。#志愿者会客厅#,4,0,6,广东,广州,广东,中国
2,4978847581737448,ICHUK,2023-12-14 13:53:49,【首次破例！ChatGPT入选自然杂志年度十大人物】快科技12月14日消息，国际著名学术期刊《自然》公布了2023年度十大人物（Nature’s10），今年比较特别，除了全球的重大科学事件中十位人物外，还有一位非人类——... 网页链接  体验专业的项目管理系统网页链接 ,1,0,0,江苏,苏州,江苏,中国
2,4977936841835139,鱼觉兽一号,2023-12-12 01:34:51,遇到一位优秀的女博士，对经济问题的直觉、学习方法的能力、写作能力、执行能力、项目管理能力都是上佳，只要她愿意，应该可以很快在德国能拿到教授的位置。可惜，她毕业后就找了一份普通企业工作，生娃照顾家庭。我和他第一导劝说了多少次，希望她能够回头走学术道路，都不能劝动，她只愿意相夫教子。虽然有点遗憾，人生不仅是学术。祝福她,32,34,205,德国,,德国,德国
2,4976830220603312,谷雪乃永不延毕,2023-12-09 00:17:32,用工程管理这个词就很容易被没有学术素养的人咬文嚼字，叫“项目管理”就更容易让大家理解了。科研项目也是项目，前期调研项目背景确定项目可行性和预期成果，初步制定投入（包括金钱和时间）和计划进度，定期总结项目进度并和计划对比修正计划，最终获得成果，并对成果进行评价。,0,0,0,陕西,西安,陕西,中国
2,4976632110779179,lyj爱吃梅菜扣肉,2023-12-08 11:10:19,项目管理是一个非常系统的论文研究工作，一不留神就很容易写成项目计划书，也有很多同学直接拿着手中的项目书就复制粘贴，这个在盲审的时候一眼就可以看出来，无论是在研究工作量还是个人思考上都是满足不了毕业要求的，严重的直接就判定为学术不端了。#项目管理#论文辅导在职研究生#毕业论文##MBA# lyj爱吃梅菜扣肉的微博视频,1,0,0,贵州,贵阳,贵州,中国
2,4974549749992315,WebsterGlobalEducation,2023-12-02 17:15:46,双师课堂｜LPM在项目管理中的应用🌈时间：12月2日🕐📍地点：369校区📚课程：运营管理🧑🏼🏫教授：Martin Lockstrom🧑🏼💻嘉宾：Kai Dodel🎯主题：精益项目管理永远存在比现在更好的办法 1⃣️ 什么是项目管理？项目管理的学术定义有很多，比方说：在有限的资源约束下，运用系统的观点、方法和理论，对项目涉及的全部工作进行有效地管理。 用一句简单的英文回答这个问题可以是：Team achieves Target on Time. 2⃣️ 什么是LPM？LPM是 Lean Project Management的缩写，可以翻译为“精益项目管理”。即通过简单、快速、持续地提高效率、品质，缩短交货周期，减少浪费等方式，不断寻找更优解决方案。 精益项目管理不仅局限于生产管理，而是适用于研发、设计、技术、供应、设备、销售等全流程。 3⃣️ 项目管理对企业的价值项目管理的价值在于提高生产力，即让更多的工作任务更加有效率的完成，更加有保障的达成了目标，占用了更少的资源。 4⃣️ 项目管理对个人的价值“什么都是项目，什么都可以成为项目，项目管理无处不在”。 如组织一次旅行、筹备婚礼、召开工作会议，都可以作为一个“项目”，管理起来。 我们生活中的大部分事情如果可以用项目管理的思维和方法去管理，将会更有效率和质量的达成目标。 5⃣️ 精益项目管理可以借鉴的工具温故而知新️评论区留下你的所学和思考吧⬇ #Webster University##项目管理# 上海·上海财经大学(中山北一路校区),0,0,1,上海,上海,上海,中国
2,4973043357319567,一碗荤豆花,2023-11-28 13:29:54,#周鸿祎谈滴滴崩了会发生什么#互联网是我们获取信息的主要途径，失去互联网意味着我们无法快速、方便地获取各种信息，包括新闻、学术研究、生活咨询等。许多工作都需要依赖互联网，如数据分析、项目管理、远程办公等，失去互联网将大大降低工作效率。还有，生活也会失去方便，这两天滴滴就是很好的例子。所以，做好网络安全，才是能让人放心的存在。#业内人士谈滴滴闪崩#,8,8,30,四川,成都,四川,中国
2,4970141862069291,澳洲小方糖,2023-11-20 13:20:23,澳大利亚格里菲斯大学工程项目管理硕士：课程名称：MASTER OF ENGINEERING PROJECT MANAGEMENT；课程时长：1-1.5年；入学时间：2月、7月；开课校区：黄金海岸；课程学费：40000澳元每年；学术要求：申请人本科的 GPA 需达到 4/7；语言要求：雅思总分6.5，单项不低于6.0。需要特别注意的是，该课程要求申请人拥有工程学领域本科背景。若申请人不满足直入该硕士课程的要求，则可以通过硕士预科课程升读。格里菲斯大学#零中介费澳洲留学#澳洲留学,23,14,22,澳大利亚,,澳大利亚,澳大利亚
3,4969450739600434,胡思笔记,2023-11-18 15:34:07,1731：    这让我想起这几年身边很多同事和朋友。有精于技术不善表达的，通过提高表达做了技术部门的管理层；有善于学术科研不善商业拓展的，通过提高商业拓展能力拿到更多funding；有单兵工作能力强但不善处理工作关系的，通过提高人际关系处理能力做了项目管理。很多事情就像S曲线，发展到某个程度一定会进入瓶颈，进入缓慢增长期，当长板已经不错的时候，补短板可以带你进入下一个增长爆发期，此时短板的每一点增长都会被长板放大，然后带动着整体爆发增长。,0,0,1,云南,昆明,云南,中国
3,4969137254698945,崔钟博汶Cook,2023-11-17 18:48:26,"【英国申请】学生：老师好！投稿问问这些选校给offer的希望，我调整下心态 bg：211中外合办86 工商管理，7(6.5)，3实习（1建行1普华），1奖学金，1学术案例, 1水奖。最想去的是ucl pem，本科项目管理课拿了94也有任课老师的rl。王爱曼mrt/SCM相关。谢谢大家！#伦敦大学国王学院##爱丁堡大学##曼彻斯特大学#",0,2,0,湖南,长沙,湖南,中国
3,4966526911252118,山东海文考研张老师,2023-11-10 13:55:52,学位论文不同 专业硕士的论文，必须强化应用导向，形式可多种 多样。鼓励采用调研报告、规划设计、产品开发、案例 分析、项目管理、文学艺术作品等多种形式。学硕的学 位论文，强调科学理论研究与原创学术创新， 形式相对传统，一般为学术性论文。 ,0,0,0,山东,青岛,山东,中国
3,4966174813849163,是傻豆啊,2023-11-09 14:36:45,#医生谈中山二院拆实验室#完全绿色环保安全的生物实验室几乎是不存在的。但明确的诱因肯定是找不出来的。做过动物疾病模型的人应该都知道&quot;成模率&quot;想稳定下来都很困难。但那个出天才初中生的课题组项目管理是不是有问题就很难说了。连夜拆实验室应该是为了掩盖全面的检查。建议好好查一下学术道德和经费使用情况。,0,0,5,上海,,上海,中国
3,4955997971943595,杂志社邓编辑18602538583,2023-10-12 12:37:37,《工程建设与设计》第一、二批有影响因子TU建筑专刊三号齐全 建筑类 / 国家级 / 知网、万方、维普 / 半月刊 国内刊号：CN:11-3914/TU国际刊号：ISSN:1007-9467栏目设置：工程施工技术 市政·交通·水利工程设计 建筑与结构设计 工程项目管理 基础工程设计 公用工程设计 智能与信息化 环境工程设计 动态资讯 工业工程设计 论坛 封面故事#论文发表##期刊发表论文发表##学术期刊论文发表#,0,0,4,湖北,黄石,湖北,中国
3,4938018894909187,德纵腐国小顾问,2023-08-23 21:55:11,UCL MSc Global Healthcare Management  入学要求： 学术背景：健康、科学、社会科学、商业或相关学科  语言要求：雅思7.0(6.5)  就业方向： 岗位方向：战略领导、全球健康咨询、业务发展、项目管理、健康融资和健康数据分析，具体取决于分支专业。 ,0,0,0,四川,成都,四川,中国
4,4925638521134361,肯特岗交流员,2023-07-20 18:00:00,#2023新加坡国立大学硕士公开课活动日# 7月29日，线上线下，不见不散！精彩课程预告—— 10:00am - 11:00am  336室 / 2号直播线路《机场总体规划与发展：确保航空运输枢纽的顺利起飞》 主讲人：新国大设计与工程学院建成环境系项目管理硕士项目联合学术主任Jonathan Lian Khin Ming副教授机场发展是一项资源密集型事业，需要大量的思考、规划和协调才能成功执行。因此，机场总体规划是指导其长期发展的重要战略文件，以确保最优化和有效地利用分配给航空运输枢纽的土地。这堂项目管理硕士【MSc (Project Management)】公开课将介绍基本的机场总体规划原则和概念，讲解总体规划过程及各个规划组成部分，还将概述区域和全球正在进行的机场开发项目。,0,0,1,上海,上海,上海,中国
4,4922619641990393,成都科协,2023-07-12 10:04:03,【青羊区最美科技工作者系列访谈 | 李月：科技兴储，积极探索绿色储粮技术应用，做好“大国粮仓”的守护者】李月，中储粮成都储藏研究院有限公司党委委员、副总经理，自2005年进入中储粮成都储藏研究院有限公司以来，主要从事粮食储藏技术研究和成果转化、科技成果宣传、科技项目管理、外事学术交流等工作。18年间，李月组织了“十二五”至“十四五”期间全院各类科研项目和科技成果转化推广，在绿色储粮、智能化粮库、高标准粮仓等方面主持和参与国家、省部级、中储粮集团公司科研项目20余项，参与制定集团公司企业标准4项，参与完成的科研成果获得发明专利5项、实用新型专利7项，参与“十四五”粮食行业科技规划、集团公司规划和成都储藏院规划等多项规划编制工作，起草制定科研管理制度6项，撰写多篇出国学术交流报告、发表10余篇科技论文，获得省部级科技奖励2项。（供稿：青羊区科协） 成都科协的微博视频,0,0,1,,成都,四川,中国
4,4917636000121758,山东省科协,2023-06-28 16:00:50,【山东科协动态】关于对2023年山东省科协助力创新驱动发展行动拟入选项目进行公示的通知各有关单位：根据《山东省科协学术项目管理暂行办法》《2023年学会创新发展工程实施方案》等要求，经公开申报、形式审查、专家评审等程序，拟确定30家学会入选2023年助力创新驱动发展行动，分别服务30家产业协同创新基地。现将拟入选项目予以公示，公示期为6月26日至30日。如有异议，请在公示期内，以书面形式向省科协提出并附以必要的证明资料，逾期不予受理。以个人名义提出异议的，须签署真实姓名及单位；以单位名义提出异议的，须加盖单位公章。联系人：李冰冰 0531-82073293 18660102893附件：2023年山东省科协助力创新驱动发展行动拟入选项目名单山东省科协办公室2023年6月26日,0,0,5,,济南,山东,中国
4,4915438456668269,核心期刊论文发表EISCISSCIAHCI,2023-06-22 14:28:34,《安装》全国性科技与管理期刊 安装行业、机电工程建设领域学术交流平台； 主管：中国安装协会；主办：中国安装协会、陕西省设备安装工程公司； 级别：国家级，月刊，知网，万方； 主收：机电安装 项目管理 技术交流 施工技术 安装技术等； 要求：三版5100字符起； 刊期：三天左右审核，半年左右刊期。 ,0,0,0,安徽,合肥,安徽,中国
4,4910407338954261,杂志社--马老师,2023-06-08 17:16:43,学术期刊论文发表‼️重点课题 国家级，📈万方课题  中国管理科学研究院科研创新项目管理中心 ‼️重点课题 1个月月左右出资料 ，🉑️两周上网 评职加分首选。 ,0,0,1,河北,石家庄,河北,中国
4,4905402384517623,书底翻出来,2023-05-25 21:48:49,软件项目管理八股文考试题都写了，这 感 觉 太爽了！  他考试前还发了一整个文档给我，说让我做一下，看他有没有什么漏掉的地方 其实我觉得他应该把他自己放松一下，学术太功利性反而会造成不好的影响  就差大数据和专业英语了  e，至于对不对，不管啦 ,0,0,0,湖南,株洲,湖南,中国
5,4895544575529281,袋鼠国的泰勒蜀黍,2023-04-28 16:57:24,英国贝尔法斯特女王大学工业药剂学理学硕士：课程名称：Industrial Pharmaceutics MSc;课程时长：1年；课程学费：23150英镑；学术要求：申请人需拥有2:1学位；语言要求：雅思总分6.5，单项不低于6.0；课程设置：领导力和项目管理、研究项目、品质保证及规管事务、医药制造与新兴技术、制药和生物制药产品的配方、药品的鉴定方法、研究技巧与方法。需要特别注意的是，该课程要求申请人拥有化学、药学、制药学、化学工程或其他密切相关学科的背景。袋鼠国的泰勒蜀黍,8,3,10,澳大利亚,,澳大利亚,澳大利亚
5,4891865800774643,毕毕玉米,2023-04-18 13:19:16,马老师说，当你paper写到第20篇以后，你就会深入了解其中的套路。拥有大量国际发表的大佬尚且如此拼命，咱也不好意思不卷了。最大的启发是“细分市场的定位和自我认同”、“用项目管理思维实现多维绩效”、“始终保持3-5篇论文在外审稿和修回”、“形成自己的知识网络图谱”、“积极和广泛地寻求学术合作”。,0,0,0,北京,北京,北京,中国
5,4891783715357357,没有烦恼的可爱小狗,2023-04-18 07:53:05,大熊的秘密基地1、小组答辩汇报PPT：内容至少包括：团队介绍、组内分工及贡献度排名、国内外项目管理学术前沿、工程项目管理体系十个领域的分析应用、参考文献，例如目标分析、项目章程、范围分析及控制、时间分析及里程碑节点计划、风险分析及应对、沟通计划、干系人分析及管理措施、质量和成本采购分析、参考文献。,0,0,0,山东,青岛,山东,中国
5,4890939884309109,抱抱宝宝徐斯斯002,2023-04-16 00:00:00,博士生突出提高原始创新能力，具有较强的系统构建能力和一定的科研组织能力，能够在解决行业企业重大工程实践中凝练科学问题、创新研究方法、转化先进技术，深入开展多领域交叉创新应用和开展学术交流，能够承担高校及研究机构的教学科研工作、从事人工智能工程技术项目管理工作等。硕士生突出提高综合应用能力，具有人工智能系统的设计、实现、测试和应用验证能力，以及良好的职业素养和沟通协作能力，能够综合运用多学科理论技术解决行业企业智能化面临的实际问题。,0,0,0,上海,上海,上海,中国
5,4889285024553007,用户7832300905,2023-04-11 10:24:11,一、组织单位主办单位：中国优选法统筹法与经济数学研究会 中国优选法统筹法与经济数学研究会是在中国科学技术协会直接领导下的学术性社会团体，是国家一级学会。学会由华罗庚教授于1981年发起成立，至今成立了评价方法与应用、项目管理、计算机模拟、统筹、管理决策与信息系统、工业工程、高等教育管理、数学教育、经济数学与管理数学、应急管理、灰色系统研究，复杂系统研究等十余个专业分会。竞赛是由中国优选法统筹法与经济数学研究会主办，MathorCup高校数学建模挑战赛组委会具体负责竞赛的组织。 二、时间安排报名时间：2022年12月30日 0:00 至 2023年4月12日 12:00竞赛时间：2023年4月13日 8:00 至 4月17日 9:00 三、参赛对象大赛面向中国及境外在校学生（包括研究生、本科生和专科生），具体要求如下：（1）可以自由组队参赛，每个参赛队伍人数可为1–3人，参赛队员必须全部为在校生，允许跨年级、跨专业组队，但不允许跨校组队。（2）参赛组别的确定依据是团队成员中的最高在读学历。（3）每支队伍允许最多有一名指导老师，指导老师须为全职高校教师，队伍也可以没有指导老师。 四、参赛费用每队需缴纳报名及评审费用200元，用于大赛组织、命题、评审、赛题讲解、证书制作等工作。注：因涉及到比赛相关事宜已经进行，报名截止前14天不可取消报名。 五、奖项设置参赛队伍奖项：全国一等奖（约5%）全国二等奖（约15%）全国三等奖（约30%）成功参赛奖（若干），成功提交论文的队伍。（以上奖项均发放电子版及纸质版证书） 快来积极报名参加吧#数学建模大赛#,0,0,1,河南,信阳,河南,中国
5,4884998425937560,气质这件事,2023-03-30 14:30:46,##项目管理##PMP项目管理[超话]# 【PMP对于项目经理的有含金量】1. 国际认可度高PMP证书是由全球权威的项目管理组织PMI颁发的，它的认可度非常高。PMI是一个非营利性的全球性组织，致力于推动项目管理的发展和创新。PMI的会员遍布全球，包括政府机构、企业、学术机构等各类组织。在全球范围内，只有PMP®证书是由PMI颁发的，因此它的认可度非常高。2. 能力认证PMP证书是一份能力认证证书，它不仅仅是对知识和技能的检验，更是对项目管理人员实际工作能力的考核。PMP证书要求考生具备一定的项目管理经验，通过考试后，获得证书的人员都是经过实践考验的项目管理专业人士。因此，PMP证书的含金量在项目管理领域内非常高。3. 证明专业能力的标志PMP证书是项目管理专业人士的标志，它证明了持证人在项目管理领域内具备了一定的专业知识和技能。对于企业和组织来说，拥有PMP证书的员工能够更好地应对项目管理的挑战，提高项目成功的几率。因此，PMP证书的含金量在企业和组织中也非常高。4. 职业发展的机会拥有PMP证书的人员在职业发展中更容易获得机会。在许多企业和组织中，PMP证书是晋升、加薪的必要条件之一。持有PMP证书的人员也更容易获得更高级别的职位，因为他们已经证明了自己在项目管理领域内的能力和经验。总之，PMP证书含金量非常高，它是项目管理领域内最为权威和受尊重的证书之一。持有PMP证书的人员可以更好地应对项目管理的挑战，提高项目成功的几率，同时也更容易获得职业发展的机会。因此，对于从事项目管理的人员来说，获得PMP®证书是非常有价值的。,0,0,0,湖南,长沙,湖南,中国
5,4882480094777956,檀呆球球,2023-03-23 15:43:49,出版专著可以促进学术交流，展示研究成果，促进学科建设。专著是职称评定的基础，于作者而言，是个人学术高度的体现，可以直达理想彼岸。 现专著《公路工程施工与项目管理研究》征集主编中，有需求的作者可与我联系，帮您安排办理！ 成都·五野咖啡 ,0,0,0,四川,成都,四川,中国
5,4875490748007663,yang编辑呀,2023-03-04 08:50:39,工科优刊推荐:工业*    维普网全文收录。 主要栏目：工业技术 材料科学 工程建设 能源化工 机电机械 水利电力 电子信息 市政园林 节能环保 勘察测绘 造价预算 项目管理 学术论坛 ,0,0,0,河北,保定,河北,中国
6,4874941738783819,考研调剂情报,2023-03-02 20:29:05,南昌航空大学土建学院2023年硕士研究生招生热点问题解答我院部分专业接收调剂生南昌航空大学土建院1月发布的调剂信息中，调剂专业有081400土木工程（学术学位）085900土木水利（专业学位）086100交通运输（专业学位）125601工程管理（专业学位）125602项目管理（专业学位）#2023考研调剂##土木工程调剂##MEM调剂#,1,0,3,河南,郑州,河南,中国
6,4872824189094711,Deng_count,2023-02-25 00:14:42,暴躁结束了…感觉我的工作真没意思，熬大夜做出来的PPT既没有什么学术价值，也不能挣钱。 突然有点明白答辩为什么叫defence了，这是在拼命捍卫自己的价值。可惜有些人并不想defence。究竟是我压力情绪管理有问题，还是我的科研项目管理有问题呢？ 或许归根到底还是因为我太菜了,0,1,2,北京,北京,北京,中国
6,4872600549331192,PMO评论,2023-02-24 09:26:02,发布了头条文章：《全国项目管理标准化学术交流会顺利举行》  全国项目管理标准化学术交流会顺利举行 ,0,0,0,北京,北京,北京,中国
6,4871606465986602,PMI中国,2023-02-21 15:35:53,#直播预告# 2月23日上午9:00，PMI(中国)与中兴通讯将联合举办《数智化时代的价值交付力量》项目管理论坛。届时，将有众多国内学术领域专家，以及通信、制造业和能源行业PMI(中国)项目管理大奖获奖企业代表做国内外实践分享！点击了解详情：中兴通讯 · PMI(中国) 南京项目管理沙龙论坛：数智化时代的价值交付力量#项目管理##数字时代##价值交付##技能提升# ,6,1,4,四川,成都,四川,中国
6,4858597521231412,赵耀辉,2023-01-16 18:03:00,【23fall录取】恭喜汇英留学W同学收获世界百强名校华威大学录取offer !BG：泰国本科  专业：工商管理，均分：87.8% ；Offer：华威大学 计划与项目管理硕士Offer条件：学术条件：毕业时均分达到85%；语言条件：雅思6.5/6.0，4月1日前支付押金；递交日期：10月10日递交申请，1月16日收到offer#英国留学# #汇英留学# #华威大学# #出国留学#,0,0,0,北京,北京,北京,中国
6,4857568894390546,考研调剂情报,2023-01-13 21:55:36,官方信息来了⚠️南昌航空大学土木建筑学院2023考研调剂信息081400土木工程（学术学位）085900土木水利（专业学位）086100交通运输（专业学位）125601工程管理（专业学位）125602项目管理（专业学位）宝藏考研调剂vip群-🔥➡️网页链接#考研调剂信息##2023考研调剂##考研成绩#,2,1,3,河南,郑州,河南,中国
6,4854505445269514,气质这件事,2023-01-05 11:02:33,考试#pmp##PMP认证##pmp项目管理# 【准备PMP考试需要多长时间？】这取决于你的工作经验、知识水平和学术背景。简单来说，以下是两个类别：第1类：具有项目管理学术背景的候选人第2类：无项目管理经验的其他人员进行这种分类的主要原因是根据候选人的学术知识或没有工作经验来评估准备工作所需的时间。由于第一类考生将对该主题有一个简短的了解，并熟悉项目管理知识体系（PMBOK）或参考书中使用的大多数术语，因此与第二类考生相比，他们完成课程所需的时间较少第1类为45天，第2类为60天，这是准备在通过考试的合适时间段。当然，根据个人能力的不同，情况也会有所不同。,0,1,0,湖南,长沙,湖南,中国
6,4851072693441841,澳英新申请小姐姐Winnie,2022-12-26 23:42:00,【学生投稿】本科211土木，墨大一年制的项目管理和悉尼大学1.5年怎么选？也有考虑传媒，目前倾向于悉尼的mp（偏实践），墨大的gmc（偏学术），想听听大家的意见～不准备都递交申请，心疼申请费毫无疑问肯定是墨大的Master of Engineering Management这个专业当然 因为申请都是可以发offer的 互不影响 所以您也可以都申请了 拿到offer之后再挑选 也是可以#墨尔本大学# #悉尼大学#,0,0,0,四川,成都,四川,中国
7,4850605359899062,CATTI译路通,2022-12-25 16:45:00,【关于举办2023年CATTI杯翻译大赛的通知】⭐一、赛事主题用外语讲述真实、立体、全面的中国⭐二、组织机构（一）主办单位中国外文局翻译院全国翻译专业学位研究生教育指导委员会（二）实施单位中国外文局CATTI项目管理中心（三）学术支持单位中国翻译协会人才测评委员会（四）承办单位传神语联网网络科技股份有限公司广东省翻译协会北京佩琪教育科技有限公司（五）协办单位各语种相关单位、国内外高校联盟、商业联盟、教育机构、文化机构等⭐三、参赛对象赛事分大学组、境外组、社会组。本届赛事将上一届的职业组和通用组合并为社会组。（一）大学组专业A组：普通高等院校外语专业在读学生；专业B组：民办院校、独立学院、高职高专院校外语专业在读学生；非专业A组：普通高等院校非外语专业在读学生；非专业B组：民办院校、独立学院、高职高专院校非外语专业在读学生。鼓励B组范围人员参加A组比赛，但A组范围人员不得参加B组比赛。（二）境外组境外籍人士或在境外学习、工作、生活的人士。（三）社会组在职人士；非大学组和境外组的其他人士。⭐四、比赛语种及类别（一）语种：中英、中日、中韩、中俄。（二）类别：口译、笔译。⭐五、比赛安排分为初赛（校选赛）、复赛（省赛）、决赛三个阶段。（一）报名时间2022年12月20日-2023年4月14日（二）初赛时间2023年5月（具体时间另行通知）晋级复赛比例为初赛人数的30%左右。（三）复赛时间2023年5-6月（具体时间另行通知）晋级决赛比例为复赛人数的30%左右。（四）决赛时间2023年7月（具体时间另行通知）（五）比赛形式比赛原则上为线上进行，采用居家网考方式。根据疫情防控政策，条件成熟的学校或单位可组织集中网考。⭐六、奖项设置（一）个人奖项初赛：设一、二、三等奖（大学组另设优秀奖）；初赛获得三等奖及以上晋级复赛；复赛：设一、二、三等奖；复赛获得三等奖及以上晋级全国决赛；决赛：设特等奖、一、二、三等奖。（二）优秀指导教师奖初赛：指导参赛选手获得初赛一等奖；复赛：指导参赛选手获得复赛奖项；决赛：指导参赛选手获得全国决赛奖项。（三）优秀组织奖报名总人数达到一定规模的院校。（四）其他获得全国奖项的选手将进入中国外文局翻译院翻译人才储备库，选派代表中国参加有关国际翻译比赛，推荐参与相关项目，并根据个人申请优先提供实习、就业等机会。⭐七、证书获奖证书原则上为电子版证书，如需纸质版证书，可向组委会申领，邮费自付。电子版证书与纸质版证书具有同等效力。⭐八、报名点击链接下滑查看报名方式→网页链接⭐联系方式邮箱：contest.ops.dept@catti.net.cn咨询电话：010-63720798人工客服：关注官方公众号“全国外语赛事”，进入中间栏“赛事咨询”。,3,0,17,,北京,北京,中国
7,4847098777830097,英国朱迪,2022-12-16 00:31:06,"南安 项目管理 拒信  // hello,报个拒信，南安普顿 项目管理，理由：学术背景不符 bg：211理工科机械专业，均分83+，2实习，工作1年半 ",0,0,1,湖南,长沙,湖南,中国
7,4841143895064673,中商产学研,2022-11-29 14:08:30,香港高等教育科技学院 (「THEi」)成立于2012年，为职业训练局(VTC)机构成员。THEi所有学士课程均获香港学术及职业资历评审局认可，部份课程更得到相关专业团体及组织认证。专业设置:√公共关系及国际项目管理(荣誉)文学士√酒店营运管理(荣誉)文学士可接受专升本，2年全日制，优秀学奖金政策，毕业可申请留港工作。,0,0,0,广东,广州,广东,中国
7,4818689977747600,征诚期刊,2022-09-28 15:04:40,建筑公路桥梁施工项目管理方向学术著作专著出书一版一次出版办理 建筑公路桥梁施工项目管理方向学术著作专著出书一版一次出版办理 建筑公路桥梁施工项目管理方向学术著作专著出书一版一次出版办理网页链接 ,0,0,0,河南,郑州,河南,中国
7,4817894863536393,华侨大学国际处英国项目办公室,2022-09-26 10:25:09,雅思华侨大学  华侨大学线上雅思课➕学术论文基础课开始报名了 需要高性价比雅思课的同学绝对不能错过哦 学生本人于10月5日（星期三）17:00前，按要求登录“学生交流项目管理系统”（网页链接）报名并提交 可以转换学分的雅思课 ,0,1,0,福建,厦门,福建,中国
7,4816544464635035,文书小米老师,2022-09-22 16:59:10,🇬🇧#曼彻斯特大学#  部分专业要求更新 商业项目管理CPM 建筑项目管CPM 项目管理MOP 工程项目管理EPM  继学术要求上涨以外（商业项目管理要求一等学位，其它三个专业二等一）今年语言要求直接涨到雅思总分7小分6.5，而且还不能配语言😭 ,0,1,0,浙江,杭州,浙江,中国
7,4813503146232388,行政法思述,2022-09-14 07:34:03,通过国家社科基金项目管理，国家获得学术评价权，对研究方向的信号灯作用，更重要的是对学术研究个体的规训。 ,1,0,27,广东,广州,广东,中国
8,4813244004831279,yvch1n9,2022-09-13 14:24:19,收雅思6.5以上的狗 能帮我写项目管理论文和学术论文的作业奴 ,0,2,0,澳大利亚,,澳大利亚,澳大利亚
8,4810378292233678,德纵腐国大叔,2022-09-05 16:37:00,悉尼大学【1年制】Master of Project and Program Management学分：48 （1年制，12个月）学费：50500澳元（大约236715人民币）课程设置：集成项目交付方法项目领导和沟通项目规划和治理项目经济与投资战略组合和项目管理入学要求：2年相关工作经验学术背景优秀，且院长评估认为学术水平达到2年工作经验的强度也被允许语言要求：雅思：7.0（ 6.0）托福-IBT： 96，阅读、听力和口语 17，写作 19PTE：68 （54）,0,0,1,四川,成都,四川,中国
8,4808589292080511,集微网官方微博,2022-08-31 18:08:09,【2022中国显示学术会议嘉宾剧透|维信诺创新研究院院长李俊峰与您相约成都】  李俊峰，“十四五”国家重点研发计划“新型显示与战略性电子材料”专家、TFT技术专家，现任维信诺创新研究院院长。具有20余年TFT-LCD和AMOLED技术研发、量产线建设和项目管理经验。集微网 ,3,0,0,,南京,江苏,中国
8,4807808351207471,CATTI译路通,2022-08-29 14:24:57,"【AI将使人类翻译失业？漏！大漏特漏！】人工智能时代，多少人在为自己的工作即将被人工智能取代而焦虑？前段时间，中国外文局CATTI项目管理中心学术研究部发布的一篇题为《2022中国主流AI翻译机实测报告》在科技、翻译圈火了，也把“AI将使人类翻译失业”等过度神化人工智能的观点请下了舞台。《报告》着重测试了讯飞、有道、准儿和汉王四个品牌的翻译机在英、俄、阿、法、日、韩语和汉语间互译的质量。作为通用语种，英语的翻译在一定程度上决定了AI翻译机的翻译质量。下图为四大品牌对于同一文本的对照翻译结果。根据图表可知，讯飞用词精准，译文信息也最完整详实。但多直译，分句往往被机械地并成整句，并未按语法分句；准儿可圈可点，却把“也就是1420 年”的同时关系转换成“after the Forbidden City was built”的先后关系；有道的逻辑关系处理稍显逊色，且存在信息的漏译问题；汉王直接将前三个汉语短句合并为一句翻译，译文整体简洁明了，但在信息的完整度方面有所欠缺。由此可见，AI翻译机与其说是替代人工,不如说是辅助和效率提升。因为机器翻译和人工翻译有着本质的区别，机器翻译不具有人类所独特的情感因素，更没有人类强大的学习能力。《报告》梳理了国内主流AI翻译机品牌具有代表性的产品型号，就其实测体验进行了近370个对照组研究，供业内外人士参考借鉴。",5,2,34,,北京,北京,中国
8,4805023768253136,英国申请远识君,2022-08-21 22:00:01,爱尔兰都柏林大学 课程推荐项目管理硕士 MSc in Project Management课程介绍：该课程将为你提供用于项目规划、制定和执行的相关知识、技能、工具和技术，以便在既定时间和成本限制下实现特定的目标，以及让你在全球市场具备高度吸引力。本硕士学位的全日制课程适合具备任何学术背景和学科知识的毕业生。,0,0,1,江苏,常州,江苏,中国
8,4804274519544730,编辑部_赵编辑,2022-08-19 20:22:47,《中国建设信息化》2022年9月，4000字2版起发！ 知网、维普收录，国家级半月刊，90页，第二批学术期刊，有影响因子！ 收稿范围：智慧城市建设、建筑业信息化、项目管理信息化、智慧供水和智慧供热、公共服务平台、智慧旅游等！ ,0,0,0,河北,张家口,河北,中国
8,4803082276571934,噔晗,2022-08-16 13:25:14,EP01 听后感@嘎里嘎气Gagaland   最想提升的领域：  法律学术/职场经验/英语口语  愿意分享的领域：  PPT设计思路、笔记、案例作品(试试看会写👸🏻号|长微博)/大学生双创项目管理和比赛经验/PPT副业搞钱 ,0,0,1,江苏,淮安,江苏,中国
8,4796534752805957,期刊-宁,2022-07-29 11:47:42,《中国招标》 国家级，知网，2版3000字符，10月刊期 收稿方向：项目管理，工程管理，工程招标等学术期刊论文发表 ,0,0,0,四川,成都,四川,中国
9,4793070493898378,招聘南京,2022-07-19 22:21:59,东南大学生命科学与技术学院课题组因科研工作需要，现公开招聘科研助理1-2名。工作内容：主要负责课题组科研项目管理、财务报销、试剂及耗材的采购，协助实验室日常事务的行政管理，实验室安全管理和监督。协助课题组进行科研项目申报、项目结题、学术会务组织和实验室评估等工作。职位要求：工作认真负责，有良好的沟通能力和团队合作精神，责任心强，做事细致严谨。需要熟练操作办公软件，专业不限（生命科学背景或有科研经历专业优先考虑）。科研助理岗位为有固定期限聘用岗位，每期合同为期2年，试用期按照国家相关法律法规期限执行。岗位待遇：月薪6K-8K，按国家相应规定缴纳五险一金，课题组可根据实际情况和社会职工平均工资水平变化，对薪酬标准进行适当调整，具体可面议。联系方式：芮梦龙：ruimenglong@seu.edu.cn地址：江苏省南京市四牌楼2号东南大学四牌楼校区李文正楼北203室,0,0,0,江苏,南京,江苏,中国
9,4790786946501479,中国统计,2022-07-13 15:07:59,#通知公告#【2022年度全国统计科学研究项目立项公示】2022年度全国统计科学研究项目经指南发布、申请受理、资格审查、评审等程序产生，现予公示。公示期：7月13日至7月20日。如发现学术不端、违反《全国统计科学研究项目管理修订办法》等现象，可向全国统计科学研究组织管理办公室举报。联系人：刘韫哲；联系电话:（010）68783413;电子邮箱：yjsglc@stats.gov.cn。                          全国统计科学研究组织管理办公室                                         2022年7月13日        附件下载详见：网页链接,5,0,1,,北京,北京,中国
9,4783219943147513,CATTI译路通,2022-06-22 17:59:25,【《2022国内主流AI翻译机实测报告》发布】6月22日，中国外文局CATTI项目管理中心学术研究部对外发布了《2022国内主流AI翻译机实测报告》（以下简称《实测报告》）。该报告着眼于主流品牌翻译机的实测表现，是此前发布的《2022中国主流AI翻译机竞争力发展报告》的续篇。《实测报告》从翻译质量、翻译速度、降噪收音、用户体验和续航能力5个维度，采用多元变量，开展了近370组对照实验，对国内不同品牌旗下的翻译机、翻译笔、翻译耳机和翻译插件展开全方位测评。点击查看详情→网页链接,2,1,5,,北京,北京,中国
9,4778056570376565,Gloria-SZ,2022-06-08 12:02:01,《项目管理》的教授，给我们上课时连经管学院的院长都不是，今天看校友群新闻，履新为学校的副校长了。  学术水平过硬，情商高，极具人格魅力。  吾辈楷模。 ,0,0,0,广东,深圳,广东,中国
9,4776691388123288,草莓味大便便,2022-06-04 17:37:16,我大学读过最烂的两本教材： ️IT项目管理中译版 ️电子商务安全，张凌著。 前者的翻译让人感觉是高中生的翻译水平 后者则是一个水老师，将很多篇论文集成一本书的学术垃圾，前言不搭后语，浪费时间 ,0,0,0,浙江,,浙江,中国
9,4770080288934978,乌海新闻,2022-05-17 11:47:07,积极申报这项资助！关于积极申报2022年度内蒙古社会科学基金后期资助项目的通知市直各部门单位、各社科普及基地、市属社科类社团：按照《内蒙古社会科学基金项目管理办法》规定，后期资助项目是内蒙古社会科学基金项目主要类别之一，与其他类别的自治区社会科学基金有同等学术地位，旨在鼓励我区专家学者厚积薄发，勇于理论创新，推出精品力作。根据工作安排，现将内蒙古社科基金2022年度后期资助项目申报有关事项通知如下：一、资助对象主要资助对象为已完成或基本完成（80%以上）且尚未出版的哲学社会科学专著，不含论文、论文集、研究报告、教材等。二、申报条件（一）申报条件1.申报人需坚持正确的政治方向和学术导向，具有独立开展及组织科研工作的能力，需具备（或相当于）副高级及以上职称或者具有博士学位；2.申报人必须作为项目实际主持者并担负实质性研究工作。每个申报人只能申报一个项目。（二）有下列情形之一的不得申报：1.以相同或者相近研究内容在其他科研平台立项；2.有国家、自治区社会科学基金在研项目；3.申报成果存在知识产权纠纷；4.项目承担单位不能按要求开具正规发票。三、申报要求由市直各部门单位、各社科普及基地、市属社科类社团集中申报，不受理个人申报。具要求如下：（一）受资助出版的成果在结项出版时必须在封面标明“内蒙古社会科学基金后期资助项目”字样；（二）提交完整的申报材料:1.《申请书》2份，使用A3纸打印、中缝装订；2.书稿电子版和纸质版（不得透露个人信息）3份；3.查重报告（一般不超过25%）。（三）申报单位于2022年7月1日前，将申报材料报送至乌海市社会科学界联合会，逾期不予受理；（四）申报材料不予退回。联 系 人：左婧联系电话：0473-3998317电子邮箱：whsskl@163.com       通讯地址：乌海市行政大楼B座505办公室附件：内蒙古社会科学基金2022年度后期资助项目申请书乌海市社会科学界联合会2022年5月16日,0,0,0,,乌海,内蒙古,中国
9,4767892467876022,职称论文_赵编辑,2022-05-11 10:53:29,🖌️《科技成果管理与研究》国家级万方维普，第一批学术，三版4800字符，10月，次月出刊栏目：科技先锋、科技管理、科技评估、科研交流、X科技专题、创新成果等（有关项目管理、地方或高校科技管理经验交流、产业化、成果转化、科技奖励、知识产权、国际科技管理经验、科技档案、成果统计、科技评估、科技中介、科技创新、技术转移等相关文稿；有关科技政策法规解读、科技发展战略相关文稿；最新实验成果、产品、技术等相关研究文稿，学术研究报告、基金项目论文等）审稿需要3-5天，可以查稿,0,0,0,广东,深圳,广东,中国
9,4765816941969427,比利时列日大学HEC列日高商,2022-05-05 17:26:05,#精彩回顾# 沉浸其中、思维碰撞、喜悦收获、意犹未尽，当这些词同时出现在所有学员身上时，这门课程到底有多好？大师众多的名校，带给我们的当然不只是名教授的学术传授，还有我们多维度的成长与积累。今天就让我们一起来看看列日大学HEC列日高商高级项目管理工作坊课程的精彩之处吧~☞网页链接,0,0,0,广东,深圳,广东,中国
10,4746669176920417,硕博学位教育,2022-03-13 21:19:43,美国管理技术大学（University of Management and Technology， 简称UMT) 位于美国首都华盛顿地区，坐落在繁华的罗斯林商业区，畔临着美丽阔静的波多马克河，与古老悠久的乔治城隔河相望。UMT是一所现代城市型大学，在世界顶级项目管理专家 J. Davidson Frame博士学术校长的带领下，以现代项目管理的世界领先学府著称。该大学设有各类学士、硕士和博士学位教育项目，是美国联邦政府和军方及各著名大企业培养项目管理和采购管理的著名学府。,0,0,0,,,,
10,4744692988907939,小A留学工作室,2022-03-08 10:27:03,22fall西交利物浦大学项目管理offer！ 学生背景国内排名靠前一本， 工科类专业，均分 78+， 无雅思递交，3周来offer ! 这个小仙女太有福气了， 全程都是他老公帮忙跟进，包括写文书素材， 办理学术材料，一直到拿到offer， 都是他老公帮忙的。 西浦是看到他老公的付出了今天女神节特意送一个这么好的礼物！ 祝福所有的小仙女们都能碰到这样的超级暖男！ #英国留学#宁波诺丁汉大学XJTLU西交利物浦大学#留学文书#英国留学#留学申请季#英国留学申请香港留学,0,0,0,,,,
10,4731791216478370,CATTI译路通,2022-01-31 20:00:01,冲冲冲！“CATTI杯”全国翻译大赛来袭！还不来报名？【2022年首届“CATTI杯”全国翻译大赛赛事指南(大学组、职业组和外籍组)】主办单位：全国翻译专业学位研究生教育指导委员会中国外文局翻译院实施单位：中国外文局CATTI项目管理中心学术支持单位：中国翻译协会人才测评委员会一、大赛介绍2022年“CATTI杯”全国翻译大赛是为贯彻落实中央有关部门关于加强翻译人才队伍建设有关精神，加强中外文化交流合作，鼓励用外语讲述中国故事，通过赛事选拔更多优秀翻译人才，提升我国国际传播能力，培养一批适应新时代国际传播需要的专门人才队伍。（一）大赛对象1. 职业组：专兼职翻译工作从业者；翻译爱好者。2. 大学组A组：普通本科院校在读研究生或本科生；B组：民办院校、独立学院、高职高专院校在读本科生或专科生。（鼓励B组范围人员参加A组比赛，但A组范围人员不得参加B组比赛。）3. 外籍组：外籍人士；在国外工作、学习和生活的中国籍人士。（二）比赛语种及类别1. 语种：中英、中日、中韩。2. 类别：口译、笔译。（三）比赛安排分为初赛、复赛（省赛）、全国决赛（国赛）三个阶段。报名：2021年12月20日-2022年3月31日初赛：2022年4月-2022年6月复赛：2022年9月-2022年10月全国决赛：2022年11月（四）比赛方式初赛：实行全国统一比赛，原则上通过在线网考方式进行。通过团体报名的院校，可组织校选赛，比赛内容和时间与全国初赛一致，但可自行选择比赛方式。复赛：实行全国统一比赛，原则上通过在线网考方式进行。由相关赛区组委会独立组织复赛的，比赛内容和时间与全国复赛一致，但可自行选择比赛方式。全国决赛：实行全国统一比赛，具体比赛形式根据疫情防控进展另行确定。（五）奖项及晋级流程初赛：根据报名人数确定一定晋级比例，达到该比例的获得复赛晋级资格。通过团体报名的院校，可报组委会审批同意后，设置初赛奖项。复赛：设特等奖及一、二、三等奖。获得复赛三等奖及以上的人员参加全国决赛。全国决赛：设一、二、三等奖。获得全国奖项的选手将进入中国外文局翻译院翻译人才储备库，代表中国参加各类国际翻译大赛，推荐参与相关项目，并根据个人申请优先提供实习、就业等机会。活动另设“优秀组织奖”若干，以及“优秀指导教师奖”若干，面向积极组织学生参赛的学校及教师。二、比赛大纲（一）初赛试卷满分为100分，时间为60分钟，共3种题型50道题，全部为客观题。选手不得使用任何工具书和电子词典。考查内容包括翻译职业道德、语言知识、词句翻译等。（二）复赛、全国决赛笔译试卷满分为100分，时间为120分钟，共2种题型2道题，全部为主观题；选手可使用中译外、外译中字典各1本。口译试卷满分为100分，时间为60分钟，共2种题型2道题，全部为主观题。三、报名方式（一）个人报名：通过微信公众号搜索“全国外语赛事”或识别下方二维码进入报名入口，点击右栏“报名”，完成报名及缴费。（请务必关注此公众号，以便接收赛事后续通知。）（二）团体报名：有意愿团体报名的院校赛事负责人，请添加下方CNTC赛事助手微信，获取团体报名信息，洽谈相关合作。四、联系方式官网：网页链接邮箱：contest.ops.dept@catti.net.cn大学组组委会：010-6372079818911126128（微信同号）职业组/外籍组组委会：010-63725085心动不如行动 快来报名吧~~~~,6,1,3,,,,
10,4727019780442416,河南中医药大学,2022-01-18 16:00:02,#网络名师课堂#（481）【仲景文化】建立完善中医药科技创新和评价体系。加强科技创新和评价制度建设，完善课题管理、项目绩效考核、科技成果奖评审等相关制度。优化科技创新和评价条件，建立河南省中医药学术咨询与评审专家库，通过同行评议和引进第三方评估，提高项目管理效率和研究水平。（来源：《仲景文化与河南中医药强省建设》王秋安等著 图片来源于网络 文编：孟语 责编：陆钰）,3,3,13,,,,
10,4725183908677759,英国签证中心,2022-01-13 14:24:56,英国留学：华威大学22年硕士录取offer案例分享！ 祝贺汇英留学Z同学收获华威大学Project Management项目管理专业录取！ offer条件， 学术2.1，雅思6.5（6），提供一封推荐信， 4月1之前支付押金。 恭喜Z同学！ ,0,0,1,,,,
10,4717989414833299,秋啥球,2021-12-24 17:56:35,Ariel的分享太全面了，从项目管理，到写论文，职业发展规划，贯穿整个学术生涯。年底了，大家可以根据Ariel的这篇文章复盘一下，查漏补缺，把这些资源看起来！,13,0,8,,,,
11,4715492020851822,英国申请小助手,2021-12-17 20:32:50,🏅英顺国际留学【世界名校保录取𝐎𝐟𝐟𝐞𝐫展示】- 英国🇬🇧 曼彻斯特大学 商业项目管理 研究生恭喜🎊S同学，国内4+0合作办学，GPA2.6的学术背景，无雅思。就是冲着曼大签约的，学生只想去曼大这一个学校。🌟确定好具体的院校和专业，签约合同，保证你100%被录取！🌟英顺国际留学保录取项目｜励志让更多的学生突破自己原本的学术level，拿到世界顶尖名校的offer！😎😎#留学中介# #英国留学# 英国留学 #曼彻斯特大学# 西安,0,1,102,,,,
11,4715350916859562,教育大学亚洲及政策研究学系,2021-12-17 11:12:08,香港教育大学亚洲及政策研究学系诚邀您参加【研究选题与研究项目管理】论文讲座亚洲及政策学系致力于为有才能的学生提供优秀的学术环境，至2021年，公共政策及管理硕士课程（MPPM）的同学已发表了三篇SSCI学术文章，对于一年制授课型硕士学生来说难能可贵。本次讲座，学系特邀文博博士（香港城市大学公共政策学系助理教授）与徐菁媛博士（复旦大学全球公共政策研究院助理教授）为同学们分享他们在论文的研究话题、研究问题以及研究项目管理的经验。望能帮助到年轻学者和学生提高写作能力，创作高质量论文。欢迎同学参加！日期: 2021年12月23日(星期四)时间: 晚上6时至7时30分语言：普通话zoom会议号：962 4375 0037密码：298310讲者: 文博 博士香港城市大学公共政策学系 助理教授徐菁媛 博士复旦大学全球公共政策研究院 助理教授2022年秋季课程正在招生中：*本科：大中华地区研究（荣誉）社会科学学士(BGCS) （三年级入学）社会创业与发展研究（荣誉）社会科学学士（BSEDS）（三年级入学）*硕士：公共政策及管理硕士（MPPM）国际关系及发展硕士（MIRD）*博士：教育博士（中/英文班，EdD）哲学博士（PhD）香港教育大学#亚洲及政策研究学系##研究话题##研究项目管理##研究问题##公共政策及管理##国际关系及发展##教育博士##社会创业与发展研究##大中华地区研究#香港留学论文论文写作,0,0,0,,,,
11,4702151617546801,留学panda,2021-11-11 01:02:50,【2022Fall申请案例分享】 投一个拒信： 布大mgt 拒 10.23-11.10。 211本科金融 GPA80 雅思8 5年项目管理工作经验 持有pmp项目管理证 原因：学术不达标 ,0,0,0,,,,
11,4699963277971013,icecoconutss,2021-11-05 00:07:09,期末周现状：一会要开店了一会要项目管理了，一会要供应链模拟了，一会又要写学术文章了，看来看去还是写学术文章最痛苦 ,0,0,3,,,,
11,4699855777171358,学报期刊发表Moeou,2021-11-04 16:59:59,【喜提录用】技术类●《安装》月刊●第一批学术期刊(有影响因子)●国家级，知网收录，3000字/2版●刊期：22年6-7月●栏目：容器与管道、协会工作、设备与机组、通风与空调、电气安装与调试、深化设计与BIM技术、起重技术、焊接与检测、项目管理、工业自动化与智能建筑、消防系统、科技信息、工程巡礼、专家论坛、新技术推广与应用等●ISSN：1002-3607，CN：11-5267/TU●主管主办：中国安装协会,0,0,0,,,,
11,4697166792099769,游佛UFO,2021-10-28 06:54:55,PPP是多学科交叉，过去几十年的学术研究视角从工程项目管理，扩展到经济学、金融学、法学，十几年来最热的则是公共管理；实操需要复合型人才，研究也要跨界思维，王盈盈等的综述有利于研究。研究 | 从项目管理到公共管理：PPP研究述评与展望 ,6,1,8,,,,
11,4696326275601479,Essay菌,2021-10-25 23:15:00,#英语学术写作# #Essay指导[超话]#  【澳大利亚皇家墨尔本理工大学项目管理大三论文辅导】 Essay菌的微博视频 ,0,0,0,,,,
12,4686731889344556,cost师太9,2021-09-29 11:50:19,论文发表 知网，季刊，有影响因子，第一批学术期刊，封面有“核心”字样。包发表成功  收稿方向:采矿，冶炼，环境，地址勘察，建筑电气，项目管理，土木建筑等。   绿洲 ,0,0,0,,,,
12,4671216990816341,中国统计,2021-08-17 16:19:39,#通知公告# 【2021年度国家统计局重大统计专项立项公示】2021年度国家统计局重大统计专项经选题发布、申请受理、资格审查、严格评审等程序产生，现予公示。公示期：8月18日起至8月24日。如发现学术不端、违反《全国统计科学研究项目管理修订办法》等现象，可向全国统计科学研究组织管理办公室举报。详见：网页链接,8,0,4,,,,
12,4668303294860547,考研叮当猫,2021-08-09 15:21:41,"华威工程学院商科硕士：学制：1年学费：£28,520学术要求：申请人需获得英国任何学科的2.2荣誉学位（或同等学位）。PPM是为那些想进入项目管理领域的毕业生设计的，无论是在他们目前的技术和商业领域，还是进入一个新的专业领域。这门课程的学生可以有非常广泛的学术和专业背景。通常，接收土木和其他工程专业、建筑和设计、IT、金融、会计、商业、科学和社会科学的毕业生。语言要求：雅思不低于6.5，其余单项不低于6.0。#华威工程学院商科# #英国硕士留学#",0,1,0,,,,
12,4666525077997931,学报期刊发表Moeou,2021-08-04 17:35:41,【期刊推荐】水利类 ●《红水河》双月刊 ●第一批学术期刊（有影响因子） ●省级，知网收录，4000字/篇 ●刊期：21年5期 ●收稿范围：水利水电、工程施工、电网技术、项目管理 ●ISSN：1001-408X，CN：45-1146/TM ●主管：广西电网公司 ●主办：广西水力发电工程学会/广西电力工业勘察设计研究院 ,0,0,1,,,,
12,4664325321789901,核心期刊论文-彭编辑,2021-07-29 15:54:38,#资教工程##金硕珍心动制造机##超话# 《工程建设与设计》中国首批学术目录期刊，国家级核心遴选期刊，三版起发，年内版面还有还有少许，尽快安排哦栏目设置:工程建设专题、能源科技、建筑结构设计、、制造工程设计、环境工程设计、建筑施工技术、工程项目管理、水利•电力工程设计、科技信息研究 ,0,0,0,,,,
12,4663935355323435,学报期刊发表Moeou,2021-07-28 14:05:02,【喜提录用】建筑类●《门窗》半月刊● 第一批学术期刊●国家级，万方收录，4200字符/2版●栏目：建筑节能、建筑工程、施工技术、建筑规划与设计、项目管理与质量控制、分析研究与探讨、应用与实践●ISSN：1673-8780，CN：11-5552/TU●主管：中国建筑材料联合会●主办：建筑材料工业技术监督研究中心,0,1,0,,,,
12,4659312108771112,北京文博,2021-07-15 19:53:55,#北京文博动态# 【走近学术带头人】她是原北京市文物局信息中心学术带头人——王如梅。研究领域为文博信息化及信息系统项目管理。自2007年到原北京市文物局信息中心工作至今发表论文11篇。和@北京文博 一起去了解王如梅的科研成果吧~  北京文博丨走近学术带头人——王如梅 ,0,0,0,,,,
13,4649478855854985,中山日报,2021-06-18 16:40:05,6月18日，中山市科技局公布了《中山市推进科技创新人才集聚项目管理办法》及《中山市科技人才发展专项资金管理办法》，旨在营造科技创新学术研究氛围，逐步形成科技创新领军人才在中山市重点产业前沿细分领域集群突破的总体态势，助力中山高质量崛起。最高100万元！中山将对人才攻坚项目悬赏金进行补助 ,0,0,0,,,,
13,4648114239834451,chi枫叶lala,2021-06-14 22:17:35,【学术科研】我校非常重视培养学生的创新精神、科研意识和实践动手能力，为提高学生综合素质，学校成立了大学生科技活动组委会，颁发了《河南中医药大学大学生课外学术科技活动管理条例》、《河南中医药大学科研苗圃工程项目管理办法》等文件，并设立大学生科技创新基金，对学生在教?【学术科研】我校非常重视培养学生的创新精神、科研意识和实践动手能力，为提高学生综合素质，学校成立了大学生科技活动组委会，颁发了《河南中医药大学大学生课外学术科技活动管理条例》、《河南中医药大学科研苗圃工程项目管理办法》等文件，并设立大学生科技创新基金，对学生在教师指导下的科研选题进行立项答辩、项目管理，对在各项赛事中获奖的学生和指导教师给予表彰奖励。,0,0,0,,,,
13,4640084530301386,Trifolium_6,2021-05-23 18:30:23,DPIS和DIA告诉我们：（1）医疗生态圈的商业运营模式正在向数字化转型，同时学术正在创新、迈向全球化！（2）拥抱同行、感受同行的魅力，你永远不会独行。我们可以和同行一起“合作、催化、构建未来”！（3）路在何方？医学、统计学、项目管理、临床研究、监管科学、注册、药物警戒、临床前、医学信息及发表、数据管理、市场、商业运营、跨学科、人工智能、临床药理、听说读写……,0,0,0,,,,
13,4633351027425833,学术漫谈,2021-05-05 04:33:51,有个教授给我45分钟的时间，让我给Ta的学生讲讲求职面试准备和技巧。我可以讲论文写作，学术发表，基金评审，项目管理，能源技术与环保... 但是讲这个就跑题有些远了，只能婉拒了 ,0,0,0,,,,
13,4627611613660436,英国读书那些事,2021-04-19 08:27:28,曼彻斯特大学开设以下项目管理专业：MSc Management of ProjectsMSc Commercial Project ManagementMSc Construction Project ManagementMSc Engineering Project Management其中MSc Commercial Project Management 今年学术要求由2:1提高到了1等学位，要求 top名单和tier 1名单中的学校均分达到 85，二类参考大学名单要求 87，不在名单上的学校要求 90。其他3个专业不变，仍然是2:1。要求 top名单和tier 1名单中的学校均分达到 80，二类参考大学名单要求 82，不在名单上的学校要求 85。,0,0,0,,,,
14,4600582318601455,CATTI译路通,2021-02-03 18:22:42,【2021全国大学生英语辩论赛大区赛报名开始!】本次大赛由教育部全国翻译专业学位研究生（MTI）教育指导委员会担任学术指导，中国外文局CATTI项目管理中心主办。报名工作自2月1日开始，现就有关事项通知如下：一、比赛时间华东大区4月16-18日华北大区5月1-3日华南大区5月14-16日华西大区6月4-6日全国总决赛：2021年7月二、大区赛信息1、报名时间：2021年2月1日—2021年3月25日2、比赛名额：每个大区赛80队左右3、比赛形式：线上4、大区赛区域划分大赛分东南西北四大区赛，各区赛前25-30名队伍晋级全国赛。华东：上海市、浙江省、江苏省、安徽省、山东省华北：北京市、天津市、河北省、黑龙江省、吉林省、辽宁省华南：广东省、广西壮族自治区、海南省、江西省、云南省、贵州省、湖北省、湖南省、福建省、香港特别行政区、澳门特别行政区、台湾省华西：重庆市、陕西省、四川省、山西省、河南省、甘肃省、青海省、宁夏回族自治区、新疆维吾尔自治区、西藏自治区、内蒙古自治区三、报名资格1、参赛选手须为中国籍全日制在校大学生（本科生、研究生）与高职在校生，专业不限。2、港澳台参赛人员须出示官方身份证明及学籍证明。3、参赛资格：参赛队伍以院校为单位。（一所大学有独立学院或校区/分校，可单独分开派送队伍。比如，北京大学和北京大学深圳研究生院、中山大学与中山大学（珠海）、哈尔滨工业大学与哈尔滨工业大学（威海）、（深圳）等可分开报名。）4、校园选拔赛时间、方式由各高校自行决定，于3月中之前结束，选出参加地区决赛队伍即可。5、关于校园选拔赛，组委会将协助高校进行选拔，高校经申请可获得相关举办物料、流程举办建议及学术支持。具体内容，联系赛事助手领取。四、报名费用大区赛实行免费报名参赛。五、联系方式1、学生可直接联系学校英语竞赛相关部门与组织、英语辩论社团、MTI专业办公室等，咨询比赛情况，也可直接与我方联系。 2、联系方式赛事助手微信：cudc_assistant电子邮箱：cudc_official@163.com网址：网页链接联系人：文老师联系电话：010-63720798六、报名流程1、指导老师/赛事负责人添加赛事助手（识别图中二维码）2、向赛事助手领取报名表登记报名3、填写《参赛保证书》。报名成功后未参赛的院校，该高校将失去后续赛事参赛资格。,9,9,14,,,,
14,4600088397360575,Bluuuuuue_ed,2021-02-02 09:40:02,查了一下项目管理的资料，想起刚毕业时的合租姐姐两年前转做项目管理了，过去咨询了一下，她跟我说  会什么不重要，思想最重要。我忽然想起IE精益管理的思想，你要让我说，我可能说不明白，但是精益思想已经深入我的骨髓了。但是学术环境就是这样，半道子进去的就无法笃定的确信自己的理解是否正确，我隐隐感觉我有项目管理的思想，但是又不敢确认。所以，想想，也许我曾经和朋友们科普过的IE思想，也许他们也是一知半解吧。道阻且长，加油~,0,0,0,,,,
14,4599592798392303,简弘Erika,2021-02-01 00:50:41,学术界的工作模式类似于项目管理制，只不过很多时候老板变成了自己。大多数项目都是一口气、尽快完成更好，所谓一鼓作气，再而衰，三而竭。因此，“一个月内完成” 这类表述，应该理解为【在这一个月内找到少数几个可以集中的时间，把这个项目集中完成】，而不是【把任务量分散在一整个月内】。从这个角度上说，DDL 前binge working 其实是一种【有效率的拖延】。但要注意，往往DDL前的赶工也容易造成项目质量欠佳，所以最佳的方式还是在离DDL 有一段时间之前找个时间集中攻坚,11,2,44,,,,
14,4597643730753383,太极寄宿考研-刘老师,2021-01-26 15:45:48,2.专硕和学硕招生条件不同 学术型硕士报考者无需有一定年限的工作经历。 工商管理、公共管理、工程管理、旅游管理、工程硕士中的项目管理、教育硕士中的教育管理、体育硕士中的竞赛组织专业学位硕士研究生对工作年限有一定要求。 持续更新～ ,0,0,1,,,,
14,4587938635331776,月亮瘦瘦的,2020-12-30 21:01:13,与导师合译的《牛津项目管理手册》终于出版啦！今天收到编辑寄来的样书，回想起之前埋首于这诘屈聱牙的大部头，试图从字里行间梳理出头绪的每一个周末...项目管理在过去半个世纪以来的发展主要由实践所主导。而这本书从严谨的学术研究角度，讨论了项目管理领域中的诸多前沿理念，是由全球超过40位该领域最重要的学者共同努力完成的。其实项目无处不在。我们社会生活与人生进程之中的许多事情，比如重疾的治疗、一门新语言或一种新乐器的学习，都可以用到项目管理的思维。希望这本书可以令更多人从中获益。,2,93,140,,,,
14,4578071473032074,游佛UFO,2020-12-03 15:32:38,1984-1996年俺一直研究工程项目管理信息化，但1996年至今一直专注于PPP，十几年来再也没来过住建部，居然今天被点名参加全过程工程咨询信息化座谈调研会，而且还是学术界唯一代表 北京·中华人民共和国住房和城乡建设部 ,1,1,20,,,,
15,4571509689161363,山西工商学院-建工学院,2020-11-15 12:58:27,#建设项目前期工作的点点滴滴# 建筑工程学院开展《建设项目前期工作概要》学术讲座建筑工程学院于2020年11月13日下午邀请山西省投资咨询和发展规划院主任，国际咨询工程师联合会首批认证咨询工程师，国家发改委项目管理专家，山西省政府采购和PPP专家——邵建华老师做了题为《建设项目前期工作概要》的学术讲座。 太原·山西工商学院(南校区),0,0,0,,,,
15,4567869474472608,美通社资讯,2020-11-05 11:53:31,【特许全球金融科技师CGFT加速完善应用课程体系 | 美通社】 2020年11月1日，由上海交通大学上海高级金融学院学术指导，上海高金金融研究院主办，特许全球金融科技师CGFT项目管理办公室承办，上海管会教育培训有限公司和上海市银行...网页链接 ,0,0,0,,,,
15,4560254627485273,禾徑山_,2020-10-15 11:34:51,想搞学术一条道走到黑之前，都得掂量一下自己是不是智商超群，自己的学校是不是MIT，要么就是自己家是不是特别有钱。  非顶尖学校（在国内就是非清北）的学术培养目标根本就不是搞什么大突破，完全不指望学生老师能拿诺贝尔奖，唯一的目标就是培养研究方法和项目管理能力，说到底还是为就业服务的。 ,0,0,7,,,,
15,4553311434575861,期货超限战,2020-09-26 07:45:05,疫苗研发应急攻关项目管理专业机构负责人张新民表示，这在学术层面已达成三个共识：第一，到目前为止，新冠病毒变异不大；第二，新冠病毒变异没有对疫苗研发造成实质性影响；第三，实验说明在研疫苗诱导的免疫反应能够有效综合发现突变的新冠病毒。 ,0,0,0,,,,
15,4544262887182418,桑玲芝,2020-09-01 08:29:23,#PMP##项目管理##pmp考试# 9月1日的凌晨 傅boss还在努力工作 作为《PMBOK第七版》审教委成员全身心投入审教工作 越在高位越发的严谨 已经超越高水准来要求自己   这就是清晖的文化与学术精神带头人[强] ,0,1,0,,,,
16,4532438964112822,Adelholzener,2020-07-30 17:25:20,度假回来工作内容突然变化很多，之前还是自己的学术为主，回来之后时间突然被各种项目管理，指导硕士生的事情占了一大半 ,0,2,0,,,,
16,4521641575726447,仙Road,2020-06-30 22:20:22,三天生产了60页学术辣鸡！！！！服务管理就立意我还比较满意，项目管理我这个立意我自己都吐了，呕。 老师你不要嫌弃我。。 ,0,0,0,,,,
16,4514726031520807,你妈妈的秋裤,2020-06-11 20:20:28,很好 又生产了一篇学术垃圾 项目管理什么选题不好我非要选土地整治项目的质量管理 不仅写得很垃圾 写了一下午还觉得自己像个包工头 ,0,3,1,,,,
16,4513856054102578,曼彻斯特大学官方,2020-06-09 10:43:29,"项目管理类研究生专业在线研讨会 （MSc Management of Projects etc.）时间：周四 6月11日 19：30-20：30 （中国时间）课程学术老师,学院招生老师和国际办公室的老师在线答疑参加链接(需提交姓名和邮箱报名)：网页链接Webinar: MSc Management of ProjectsDate: Thursday 11th June, 19:30-20:30 (China time)Presenters: Academic staff + admissions colleagues/International Office available to answer questionsRegistration link: 网页链接",9,10,7,,,,
16,4504567050253015,非遗吉林,2020-05-14 19:32:18,中国历史研究院学术出版资助项目管理办法#吉识非遗# #非遗吉林# #文以载道旅以致远#,0,0,0,,,,
16,4504201055821800,陇西李十一,2020-05-13 19:17:57,写了一天的公共项目管理作业...学术废物本废是我了 ,0,1,7,,,,
17,4497502621256507,版纳君,2020-04-25 07:40:47,#学术理论与思想# 可持续发展与项目管理,0,0,0,,,,
17,4481620520461024,金木凯,2020-03-12 11:50:58,全球营销-波士顿大学全球营销管理硕士波士顿大学大都会学院全球营销管理理学硕士（MSGMM）计划的学生将受益于扎实的市场营销学术核心，并辅之以对领域产生重大影响的领域的最新课程，包括电子课程，商业，金融和经济分析，项目管理，产品和服务开发以及数据分析。学生将对在全球营销领域中脱颖而出的营销研究，决策和先进的营销技术有广泛的了解。波士顿大学全球营销管理硕士课程还对影响国际贸易和进出口相关活动和策略的文化，金融，地缘政治和国际经济学问题提供了全面的了解。网页链接,0,0,0,,,,
17,4474714720320695,宝蛋超小号,2020-02-22 10:29:48,Day14#studyaccount[超话]#  1.工程项目管理4.2 2.学术英语9.1-9.4 3.微观经济学英文2.2 ,0,0,1,,,,
18,4472014204797602,宝蛋超小号,2020-02-14 23:38:55,Day9Day10#studyaccount[超话]#  1.微观经济学英文版1.1 举步维艰 2.工程项目管理2.3 2.4 9.2 3.bec单词p1-p2 4.学术英语3.3-4.3 5.健身操一组 ,0,3,0,,,,
18,4471295091625197,宝蛋超小号,2020-02-13 00:01:25,Day7Day8 #studyaccount[超话]#  1.微观经济学4.2-4.5 2.工程项目管理1.2 1.3 3.学术写作1.2-1.4  2.1-2.2 ,0,1,0,,,,
18,4469408376057420,PITD亚洲虐待博士组织,2020-02-07 19:04:17,#pitd留学#   UNSW项目管理一年毕业的硕士在读，稍倾向于留在澳洲，也可以回国工作，是在本校再读一个2年的别的专业的master，还是走学术联系导师转research读2年，再看情况申请3-4年的phd？ ,6,86,219,,,,
18,4460592985573715,新京报评论,2020-01-14 11:15:04,#新京报评论#【“谀师论文”是否涉学术腐败，需一查到底】发表如此的神文，或者以这样的神文来结项，不只是乱搞“学术崇拜”的问题，更是暴露了项目管理监督工作的漏洞。可以说，这不是研究黑河流域的问题，而是对学术的“高级黑”。“播下的是龙种，收获的是跳蚤。”在这种哭笑不得的谀师神文面前，科研管理监督体系应该彻底自我审视一番了。对其背后可能涉嫌的学术腐败，也该一查到底。点击链接阅读全文：“谀师论文”是否涉学术腐败，需一查到底#中科院将调查赞导师与师娘论文#,3,5,11,,,,
18,4460025932031898,留英申请指南,2020-01-12 21:41:48,英国大学项目管理专业申请要求——  南安普顿大学 MSc Project Management  商业、经济、理工科、信息技术、管理和市场营销、通信、教育、政治学和社会学背景的学生都接受，不接受英语翻译、艺术、表演艺术的学生申请，项目管理相关工作经验可一定程度上弥补学术条件，会卡南安自己的list ,0,0,0,,,,
18,4459003813724108,MilkyWhiteS,2020-01-10 02:00:16,考过了概率论与数理统计，会计学，会展信息管理，消费者行为学，项目管理，学术英文，毛概 现在，统计学进行时…… 争取3:30－4:00睡觉💤 ，睡2－1.5个小时，5:30起来背公式，简答题，然后7:30出门考试 ,0,2,0,,,,
18,4445841647623985,崔钟博汶Cook,2019-12-04 18:18:31,【英国拒信—项目管理】 叔，来报个拒信吧，我可能是全网第一个曼大PM拒信，昨天中介打电话问了情况，说这三天出邮件，今天邮件就发来了。拒绝理由是我的学术背景和课程不符……我都懵了，211本科，工程管理专业，均分85，可能不是背景不符，还是我菜吧 ,0,14,15,,,,
18,4445833557069690,游佛UFO,2019-12-04 17:46:22,《项目管理评论》杂志创刊五周年，全方位发展，成绩喜人。下午作为编委会副主任，参加五年一次的选题研讨会，学术、央企、外企、出版各方项目管理大咖热烈研讨，各方受益。 网页链接 ,0,0,14,,,,
18,4444005947388756,遂宁河东,2019-11-29 16:44:06,【河东新区召开项目管理专题学术讲座】为提高新区干部对EPC总承包建设模式的认识，解决实际工作中遇到的难题，11月25日，河东新区邀请到了中建西南院EPC专家彭魁、韩扉为新区领导干部就相关案例和发展应用进行了专题学术讲座。专题讲座上，彭魁以《EPC模式探讨—设计院与业主》为主题，围绕“传统建设模式及业主的困惑、EPC建设模式的优缺点分析、国家对EPC建设模式的相关政策介绍及解读、EPC建设模式中的设计重要性、给业主的建议”等几方面进行了深入浅出地讲授。韩扉以《全过程工程咨询实践与案例分享》为主题，围绕“行业现状与改革背景、业务实践、案例分享、思考”等几方面，从日常工作生活入手，运用大量事例作了详尽分析讲解，内容通俗易懂，理论方法实用性强。讲座结束后，听取讲座的干部纷纷表示受益匪浅，很多经验具有实际操作性，值得学习和借鉴。下一步要学以致用、身体力行；要从思想上提高认识，敢于探索和实践，把学习成果落实到干好本职工作、推动事业发展上。新区在家领导班子，正、副调研员，相关单位负责人及工作人员参加专题讲座。,1,0,0,,,,
19,4443326687800853,快乐小JANE,2019-11-27 19:44:58,英国贝尔法斯特女王大学硕士预科+工程项目管理理学硕士offer一枚。北爱尔兰最好的大学。自然环境以及学术环境都是非常棒的。@贝尔法斯特女王大学 ,0,0,0,,,,
19,4437383397056907,贵阳四医,2019-11-11 10:08:26,"学以致用丨我院举办“跨区域医院药学学术交流会（贵阳站）暨医院绩效管理论坛”专题培训班为进一步提升医院在新医改形势下的资源配置、流程优化、绩效管理、合理用药、运营创新、项目管理、院科协同水平和干部职工的管理能力和履职能力，2019年10月30日下午，我院承办了以“跨区域医院药学学术交流会（贵阳站）暨医院绩效管理论坛”为主题的专题培训班。全院干部职工以及市级多家兄弟单位涵盖人事、财务、药学的管理干部近200人参加了培训学习。院党委书记、院长杨晓秋率院领导班子成员参加培训学习，并致辞感谢各位专家亲临现场传道解惑。他说在新医改形式的要求下，希望大家珍惜此次学习机会，真正做到转变观念、提升能力、学以致用，更好地服务患者。相信通过各位专家的精彩讲学，定能让参会者收货满满。广东省药学会学术部主任王勇在致辞中说道，广东省药学会致力于探索药学怎样推进医改的发展和深化，并将我们的一些经验带给大家共享。今天参会的专家将全方位带给大家药学和绩效的管理知识与经验分享，以共享为切入点，搭建一个平台，加深交流，共同做事。在副院长葛兵主持的医院绩效管理论坛时段，惠宏医院管理咨询公司总监尹虎做了题为《全面绩效管理助力医院腾飞》的专题讲座，广东省人民医院医务处副处长姜立做了题为《绩效考核与医疗运营管理》的专题讲座。两位专家分别围绕“医院运营（成本绩效）管理”主题，从不同的视角阐述了医院在面对医疗控费、DRGs支付等医改新政时，应如何抓住机遇，加强成本控制管理，建立精细化的运营管理模式，为大家分享了国内外医院运营中成本绩效管理的背景、策略及主要框架。同时从实战的角度，结合自己的实践经验，剖析了多个绩效管理实例，加深了参训人员对绩效管理的理解和吸收。在副院长刘炯主持的跨区域医院药学学术交流会（贵阳站）时段，贵州省人民医院内分泌科主任医师董健和深圳市中医院孙业红副主任分别做了题为《住院患者血糖的系统化管理》《在新的政策下“辅助用药”的管控》专题讲座。这一节专家的讲课重点阐述了药学怎样推进医改的发展和深化，通过对药师参与住院药费控制的成效分析,旨在为新医改形式下药师参与药费控制提供参考借鉴。并结合国家以及地方出台的相关政策法规，结合医院状况，全面剖析，针对当前的辅助用药应对策略给予合理化的建议。本次培训内容实用具体，理论联系实际，实操性强，对进一步推进新形势下合理用药、医院运营及绩效管理工作具有重要的指导意义。",0,0,0,,,,
19,4436115614228121,细皮嫩肥肉,2019-11-07 22:10:44,额我复盘了一下下午药明给我打的电话他一直问我社团经历 管理创新经历 英语口语 计算机编程的能力一点没问我会用什么仪器这类问题我刚刚想起他跟我介绍部门的时候关于项目管理组介绍了了很多才觉得他可能想招做一些偏合规文事方面的人我却一直往往学术上扯还跟人家说什么分子离子峰呜我总是太晚明白HR的心思,0,6,2,,,,
19,4433715415159601,游佛UFO,2019-11-01 07:13:12,三十几年前我的师兄弟们研究计算机辅助建设项目管理时就发现，凡是能让我们惊喜和佩服有新意的英文学术期刊论文，作者多是美国人和以色列人/犹太人…高晓松、周孝正：真实的以色列，太可怕了！ ,4,1,12,,,,
19,4430589169749010,尹贻林的微博,2019-10-23 16:10:37,#贻林微观察##全过程工程咨询##工程造价# 《贻林微观察3006》继去年高天同学获奖后，今年李佳恬同学又获“中国项目管理优秀论文奖”。该奖虽学术级别不高，但是在业内影响很大。IPPCE研究所连续两年由二年级硕士研究生连续获奖，说明我们的研究已经接近中国项目管理实践的最高水准。 天理IPPCE又下一城,27,8,21,,,,
19,4428771291384675,Gorilla_Education,2019-10-18 15:47:01,阿德莱德大学项目管理专业基本申请要求  　　1.学术要求：  　　211、985学校录取分数是 75%，非985、211学校录取分数是：80%  　　2.语言要求：雅思：总分6，单项6         开学时间：1/5/9月 非移民专业        可从事的工作 工程经理  #阿德莱德大学# #项目管理专业# #澳洲留学# #澳洲八大# ,0,0,0,,,,
19,4427622010295131,海外大班长,2019-10-15 11:40:11,如果工作和专业对口实际上是对phd申请有利的，在申请的学术cv上应该重点强调这部分工作履历和专业背景的知识和相关性，在ps上也要提及。如果工作和专业背景不相关，可以强调在这份工作中都有哪些软技能上的提高，比如独立解决问题、演讲、时间管理、项目管理、自学能力等等，这些也都是完成phd必备的软技能。,1,0,3,,,,
20,4413919307168887,会计员小波,2019-09-07 16:10:32,推免生，全称&quot;推荐优秀应届本科毕业生免试攻读硕士学位研究生&quot;，(规律5管理：工商，教育，项目，公共，竞赛)除工商管理硕士、公共管理硕士、工程硕士中的项目管理、教育硕士中的教育管理、体育硕士中的竞赛组织外，其它学术型专业和各专业学位均可接收推免生。推免生和保研对于有些院校存在差异，部分院校把对外推荐叫做推免，对内保送叫做保研。推免生就是推荐优秀应届本科生免初试攻读硕士研究生，是比较正式的说法，而保研是俗称。推免=保研。　　推免生全称&quot;推荐优秀应届本科毕业生免试攻读硕士学位研究生&quot;，，一般在每年九月份进行。推免(或称保研)一般在985、211高校、设有研究生院的学校中进行。其他高校可能也有，但名额不多。推免生分为保校内、保校外两种类型。都在本校应届毕业生中选拔。,0,0,1,,,,
20,4410196258758680,乡村振兴产业发展落地研究,2019-08-28 09:36:28,中国文旅高级策划师、中国管理科学研究院学术委员、IPMP国际项目管理高级咨询师、西安丝路旅游产业文创研究副院长、浙江千弘品牌管理有限公司总经理 特色小镇文旅高级策划师胡平意的微博视频 ,0,0,0,,,,
20,4405938956070168,用户6289282968,2019-08-16 15:39:28,【入户广州问答】#广州##广州入户#  问：什么证书才能称之为中级职称？  答：指专业技术人员的专业技术水平、能力以及成就的等级称号，反映专业技术人员的学术和技术水平、工作能力的工作成就。比如说中级会计师，房地产经纪人，中级经济师，系统集成项目管理工程师，注册建筑师等等。 ,1,0,0,,,,
20,4402465430592401,不会起名的小透明ad,2019-08-07 01:36:55,在翻译教育类学术文章的过程中发现了敏捷项目管理的概念，我居然还回忆起了视频课中老师讲的那张图！真神奇～～～多学点东西总归是有用哒～～ ,0,0,0,,,,
20,4400914242566726,科学家杂志,2019-08-02 18:53:03,2019年度国家杰出青年科学基金建议资助项目申请人名单公布：根据《国家杰出青年科学基金项目管理办法》的有关规定，现将2019年度国家杰出青年科学基金建议资助项目申请人名单予以公布。建议资助项目申请人有违反《国家自然科学基金条例》、《国家杰出青年科学基金项目管理办法》或其他学术不端行为的，任何单位和个人均可在15日内（8月2日——8月16日）向国家自然科学基金委员会提出书面异议。网页链接,0,0,0,,,,
20,4400871221273048,麻省理工科技评论,2019-08-02 16:02:05,【2019 年杰青获得者名单公布，北大22人，清华14人】今日，国家自然科学基金委员会公布了 2019 年度国家杰出青年科学基金建议资助项目申请人名单。根据相关规定，如果建议资助项目申请人有违反《国家自然科学基金条例》、《国家杰出青年科学基金项目管理办法》或其他学术不端行为的，任何单位和个人均可在 15 日内（8 月 2 日 ——8 月 16 日）向国家自然科学基金委员会提出书面异议。 据统计，共计 128 个单位的 300 个杰出青年获得资助，从获资助人数看，北京大学以 22 人雄踞榜首；清华大学是 14 人；中国科学技术大学和复旦大学都是 11 人，并列第三。 在此次公布的申请人名单中，包括了 4 位《麻省理工科技评论》中国区“35 岁以下科技创新 35 人”获奖者。分别是，中国科学院计算技术研究所研究员陈云霁、北京大学分子医学研究所研究员刘颖、北京大学信息科学技术学院微纳电子学研究院研究员杨玉超、中国科学院古脊椎动物与古人类研究所研究员付巧妹。2019 年杰青获得者名单公布，北大22人，清华14人,21,14,46,,,,
20,4400770348389407,行政法思述,2019-08-02 09:21:15,一直想研究国家社科基金项目这个题目，包括通过这个项目管理，国家获得学术评价权，对研究方向的信号灯作用，更重要的是对学术研究个体的规训。 ,0,0,1,,,,
20,4397704597509395,一一干啥呢,2019-07-24 22:19:03,学术研究能力、项目管理能力、研究领域是否匹配战略需求、沟通表达等个人素质能力。 郑州 ,0,0,0,,,,
21,4396252504153447,攀大土木工程学会,2019-07-20 22:08:58,我国古代工程建设中的项目管理思想_百度学术 网页链接 ,0,0,0,,,,
21,4395765973522811,绵阳市中心医院,2019-07-19 13:55:40,7月14日，医院华西管理定制培训班中期汇报在第一学术报告厅举行，各小组就前期的项目管理执行情况作了汇报。四川大学华西医院资深运营管理专家李建、院党委副书记何梅作为特邀点评嘉宾参加了此次汇报。 ,0,0,0,,,,
21,4393334707103157,企业高端培训,2019-07-12 20:54:41,7月12日-13日，工商管理（EMBA）总裁高级研修班35期课程《项目化的经营管理之道》在清华科技园圆满举行。本期特邀北京大学传统文化与现代管理研究基金研究员于洪波做主讲老师。于洪波老师是北京大学项目管理学术带头人，也是该课程北大首席主讲教授。至今已教过1300 多个研修班，在业内享有很高的知名度和美誉度。于洪波老师首先给自己在讲课方面设定一个原则：一张片不落，一分钟不差。凡是出现在讲义上的，都是精挑细选的内容，必须一张不落的讲，因为是讲项目管理，所以每节课必须分秒不差的完成。课堂上，同学们认真聆听中…… 企业高端培训的微博视频,0,0,3,,,,
21,4389395052846459,超幸福鞋垫_,2019-07-01 23:59:54,考一门管理信息系统仿佛考了管理学数据库学术英语信息系统项目管理以及管理信息系统 ,0,0,0,,,,
21,4385566416455965,方流芳,2019-06-21 10:26:15,有的大学还有“纵向科学研究项目管理办法”，纵向项目分国家级、省部级，国家级又分为”国家社会科学基金重大项目、教育部哲学社会科学研究重大课题攻关项目、国家杰出青年科学基金项目等。重大项目在相关学术事务评价中予以更高待遇。”,42,6,21,,,,
21,4375170300293279,虎扑电竞,2019-05-23 17:55:49,【拳头在成立美国学院项目管理机构，旨在为NA发掘更多新人】拳头开立英雄联盟学院管理机构，并已经任命6名咨询管理人员。拳头终于开设了自己的美国拳头游戏学术协会（RSAA），该协会是英雄联盟的官方学院管理机构。拳头表示他们已经任命了六名咨询管理人员来负责该协会之后的一些日常工作和相关目标的完成。翻译：LuisaGren英雄联盟  拳头在成立美国学院项目管理机构，旨在为NA发掘更多新人,3,3,31,,,,
21,4372334553313211,爱可可-爱生活,2019-05-15 22:07:34,Jess Calarco：如果大额资助成了学术界衡量成功的标准，博士阶段有必要增设项目管理课程。 ,6,2,28,,,,
22,4354027254920305,澳大利亚新西兰留学Zoe,2019-03-26 09:40:54,发布了头条文章：《悉尼大学 项目管理专业介绍》 你了解项目管理这个专业吗？悉尼大学项目管理专业为那些想要从事项目管理的学生提供了很多的教育平台，完成该课程的学生会在学术上取得更高的成就并受到学术界的认可。 悉尼大学 项目管理专业介绍 ,0,0,0,,,,
22,4348810874216097,英国求职小姐姐_Prada,2019-03-12 00:12:52,#英国求职##英国找工作##伦敦求职##管培生##英国招聘#  Reply – 2019 Marketing Graduate 现正接受申请中。要求申请人具备商科或市场方向学术背景，具备较强的分析能力，沟通交流能力强，工作涉及商业分析、战略以及项目管理，工作地点位于伦敦。 深圳·文竹园 ,0,0,1,,,,
22,4339072153508027,建工方教授,2019-02-13 03:14:40,"延边大学现代土木工程建造与项目管理研究室和韩国仁川大学结构振动研究室学术会议(2018年6月6日－8日),延边大学工学院和仁川大学校城市科学大学的现代建筑技术Symposium(2018年7月2日-4日) 延吉 ",0,0,2,,,,
22,4321491644342722,科学导报社,2018-12-26 14:56:00,宁夏出台二十四条 防控科技项目专家咨询廉政风险    为加强科技项目管理关键环节的廉政风险防控，宁夏放出“大招”。25日，宁夏科技厅出台了《科技专家库管理暂行办法》（以下简称《办法》），有弄虚作假、学术失范、不能客观公正履行工作职责等行为的将被予以出库。    《办法》包含7章24条，立足宁夏实际，规定专家库由科技界、产业界和经济界的高层次专家组成，入库申请常年受理、定期集中审核。《办法》规定，除特殊项目、特别情况有针对性地采取特邀方式选取部分建议专家外，评审专家的抽取一般遵循随机原则，通过使用单位评价、专家相互评价及被评审项目单位评价等多种方式，对专家参与评审咨询活动情况进行记录。与此同时，《办法》通过建立诚信记录、责任追究制度，严格规范专家评审行为，还明确要简化专家邀请、评审、咨询费领取环节和手续，采取多种形式向在库专家推送科技政策、科技计划管理、科技前沿等信息，创造条件促进专家学术交流与合作。    “我们对专家库实行动态管理，信息定期更新，有下列情形之一的将被予以出库。”宁夏科技厅相关负责人称，这些行为分别为弄虚作假，学术失范，不能客观、公正履行工作职责；徇私舞弊，接受或索取相关单位个人馈赠、宴请或不正当利益；违反规定，泄露评审内容、过程和结果等重要信息；向他人透露评估评审过程中知悉的技术秘密、商业秘密以及其他不宜公开的信息，造成较大损失或不良影响；有意隐瞒个人情况，不执行主动回避制度；不遵守相关制度，无故多次缺席评估评审；违法违纪而被追究责任。王迎霞 何徽,0,0,0,,,,
23,4315733041651977,游佛UFO,2018-12-10 17:33:22,互联网使得墨尔本的消息第一时间传回北京，PM大咖欧老师在墨尔本参加全球项目管理研究大会时实时告诉我：SSCI期刊Project Management Journal主编在介绍期刊新聘的5个学术顾问，含我🤓。至此，我已是全球最权威两大SSCI项目管理期刊的顾问，另一份是International Journal of Project Management。 ,1,3,17,,,,
23,4312747547978576,游佛UFO,2018-12-02 11:50:05,赶来参加2018中国项目管理大会第2天的第3届全国高校项目管理大赛颁奖典礼(祝贺获奖学生与教师，感谢PMRC/华东理大/普华等，图2我弟子赵丽坤副教授策划与负责了3届大赛)和国际顶级期刊(很难发表，见图6-7)IJPM编委见面会，我已老得被从编委移至顾问委，继续服务国内外项目管理学术界。 ,0,6,12,,,,
23,4312212208352584,北大清华讲座-北京活动,2018-12-01 00:22:50,【Without uncertainty no opportunity】2018年12月4日（周二）16:00-17:10【主讲】Martina Huemann（国际项目管理领域最重要的学术期刊——《International journal of Project Management》主编，维也纳经济商业大学(Vienna University of Economics and Business)战略与创新系项目管理中心负责人，教授）【地点】北京科技大学经管学院楼313,0,0,0,,,,
23,4310289124211150,六安发布,2018-11-25 17:01:10,【我市一论文荣获中国水利学会2018年学术年会优秀奖】近日，中国水利学会2018年学术年会在江西南昌隆重召开，由市水利局推荐的论文《水利PPP建设项目管理之我见》（作者：张应文 陈华友）被评为年会优秀论文。论文以金安区龙潭河水库PPP建设项目为依托，全面论述了PPP建设项目识别、准备、采购、执行和移交五个实施阶段。提出了政府监管要适度、社会资本方联合体的入股比例、资金成本率为招标基础标的、政府负责征地拆迁、项目融资手续应简化等七个方面的独到见解，具有较强的可操作性。,0,0,0,,,,
23,4310210300360819,西南科大共青团,2018-11-25 11:47:58,#每天安利西南科大##西南科大的那些事儿# 国家自然科学基金委应急项目管理项目——《军民融合发展的体制，机制和政策研究》项目启动会在上午11点于马克思主义学院学术汇报厅举行🎉 🎉 让我们热烈欢迎中国工程物理研究院副院长张科，绵阳市委常委，市国资委主任罗宗志，四川省科技厅副厅长田云辉，国家自然科学基金委管理科学副主任高自友等领导的到来,2,3,14,,,,
23,4306029086461437,你一贱我就笑878,2018-11-13 22:53:19,汪博士可是国内项目管理学术大拿,0,0,0,,,,
23,4302271259290717,科学探索,2018-11-03 14:01:03,【中国科协：93.7%科技工作者承认发表学术论文是为职称】中国科协发布《第四次全国科技工作者状况调查报告》。74.7%的研发人员近三年内承担过研究或开发项目；科研项目管理上繁文缛节仍较多；工作满意度提升，但超时工作情况加剧；93.7%的科技工作者认同发表论文是为职称。 ,21,33,42,,,,
23,4298719798519280,游龙38377,2018-10-24 18:48:49,下载文件: 研发项目管理正大天晴20181015.pptx - 新药研发过程及项目管理-正大天晴 - 小木虫论坛-学术科研互动平台 网页链接 ,0,0,0,,,,
24,4297831067848751,游佛UFO,2018-10-22 07:57:18,接到2个兼职邀请(图1-2)，中国财政学会PPP专委会副主任委员和SSCI期刊Project Mgmt Journal学术委员(自此，我同时是国际项目管理领域2大顶级SSCI期刊IJPM和PMJ编委，中国唯一)，加上其它国内外兼职（图3-4)，我就是丁荣贵昨天说的牧民/浪人(图5-6)，忙但自由，对社会有贡献🤓 ,2,4,19,,,,
24,4293546015901295,澳洲大学申请指导awa,2018-10-10 12:10:03,#昆士兰科技大学##澳洲留学# 昆士兰科技大学项目管理专业入学要求1.学术要求：本科工程或者建筑环境等相关专业，均分70-75%或本科任何专业+至少6个月的认可领域管理工作经验+CV+工作证明2.语言要求：雅思：总分6.6，单项：6托福：总分90，单项：20专注英澳留学，有问必答，欢迎私信主页君。,0,0,0,,,,
24,4288419989600834,新浪宁波旅游,2018-09-26 08:41:03,#宁波身边事# 【大榭史前制盐遗址获评中国考古学最高质量奖】日前，经中国考古学会评审委员会三轮投票评选，由宁波市文物考古研究所主持的大榭史前制盐遗址考古发掘项目，因其工作理念科学、项目管理规范、文物保护妥善、考古发现精彩、学术意义深远、社会效益良好，在众多参评项目中脱颖而出，获评2016-2017年度全国“田野考古奖”二等奖。这是大榭史前制盐遗址继获评2016、2017两年度“浙江考古重要发现”并入围2017年“全国十大考古新发现”后收获的又一殊荣，也是宁波地区考古近20年来再次获评全国“田野考古奖”二等奖。（浙江新闻）,0,0,0,,,,
24,4285193479360371,徐州发布,2018-09-17 11:00:03,#高质量发展看徐州#  【江苏省“333工程”科研项目资助经费开始申报喽！】9月15日，大徐从市人才办获悉，为支持省第五期“333工程”培养对象开展科研工作，提高学术技术水平和创新创业能力，江苏省组织开展2018年度第五期“333 工程”科研项目资助工作，并列入省级科技计划项目管理，目前申报工作已全面展开。↓↓↓（L9407）,7,0,3,,,,
24,4281992243739102,曹保印啦啦啦,2018-09-08 14:59:29,栾大龙演讲：互联网+军民融合的大数据应用。北京军事科学院军制研究部研究员，国家注册高级审核员，国家职业技能鉴定专家委员会项目管理专业委员会专家，中国质量协会学术委员。 ,0,0,2,,,,
24,4267550722939511,游佛UFO,2018-07-30 18:34:02,我在清华的开门博士弟子柯永建(济邦研究院访问院长、澳洲悉尼科技大学高级讲师、博导、项目管理硕士学位副主任)基于其在大连第三届学术论坛上极具反响的报告写就的文章，可以让国内有关PPP内涵的争议告一段落。济邦观点 | 何谓 “真” PPP项目 ,6,0,13,,,,
24,4267460628249815,福田发布,2018-07-30 12:36:03,#深圳身边事#【2018机甲大师总决赛在深落幕】昨日，全国大学生机器人大赛 RoboMaster 2018机甲大师总决赛在深圳湾体育中心落幕。历经四年，RoboMaster不仅是全球规模最大的机器人赛事之一，也成为选手学术水平、工程实践能力以及团队项目管理能力的试炼场。昨日，华南理工大学顺利卫冕。,1,0,2,,,,
25,4238440533364992,星火6711,2018-05-11 10:40:32,抗菌药物尊重专业，尊重学术，民主决策，行政少干预。团队管理，专业说话，数据证据，项目管理。。。。AMS ,0,0,0,,,,
25,4234792373256441,成都共青团,2018-05-01 09:04:03,#成都青年之声#【就业服务】5月1日青春成都招聘信息：中国科学院电子学研究所招聘高分项目管理及学术交流人员、飞行平台系统集成人员、教学管理实习生、研究生教育实习生、人力资源实习生；美中国际GIA学校招聘学科教师；冠能光电材料（深圳）有限公司招聘材料研发经理、有机半导体器件研发经理、人事行政主管。详情关注：青春成都，回复：求职,1,0,1,,,,
25,4220071217560294,腿_比柯基长,2018-03-21 18:07:26,在短短一个月之内兼任行政人员，项目管理，视频编剧，动画编剧，配音，学术论文写作，以及坑爹的PPT制作。瞬间点亮各技能点。  但是四月再不来我就要长跪不起了… ,0,2,5,,,,
25,4218671578826868,薰衣草_77663,2018-03-17 21:25:46,2018年3月16日，“同济大学建筑产业创新发展研究院”成立大会暨首届理事会会议在同济大学顺利举办。研究院定位成为中国建筑产业创新发展顶尖智库之一，围绕建筑产业发展战略与政策、建筑企业管理模式、建设项目管理技术等领域开展建筑产业管理创新的理论研究、学术交流、行业合作与人才培养。网页链接,0,0,0,,,,
25,4218549122113534,乖乖林夕,2018-03-17 13:19:10,#秋秋的日常❤️# 虽然有一部分人想成为学术或者技术性人才，但是在新时代的社会背景下，掌控一个项目的能力绝对不仅仅是技术，而是一个人的综合素质。个人觉得项目管理和经济管理真的是人人的该学的必修课。 北京·北京林业大学 ,0,0,2,,,,
25,4197417019210126,医药小灵通,2018-01-18 05:47:44,罗氏派罗欣产品组重点医院招聘医药信息顾问要求:医学或药学背景，本科;积极主动勤奋，有想法！地点: 广州专注于学术推广，搭建学术沟通平台，提升专业性，提高各项项目管理能力;在罗氏还涵盖各种专业培训，新员工培训，区域管理，客户管理，谈判技巧等等等……认真工作，快乐生活⛽️期待小伙伴的加入，简历请投524746830@qq.com,0,0,0,,,,
25,4196860601724811,游佛UFO,2018-01-16 16:56:44,作为全国项目管理工硕教育协作组唯一一任组长(2004-2018)，退役后我将全身心投入到PPP(最复杂的项目管理)，尽力做好中国高校PPP论坛/联盟学术委员会主任工作，论坛是2017年9月28日由清华大学PPP研究中心联合全国58所从事PPP研究的高校联合发起成立，详见公众号“清华PPP研究中心” 网页链接,0,0,8,,,,
27,4152217919635588,3093294734_732,2017-09-15 12:22:39,2017年9月13日，我院工程管理系邀请四川红云建设项目管理咨询有限公司副总经理兼总工程师章惠明莅临我院，在学术报告厅进行了题为《建设行业发展趋势与人才需求》的讲座。全系建设类专业教师及2017级建设类专业学生共计300余人参加，讲座由工程管理系副主任吉力此且老师主持。 ,0,0,1,,,,
27,4151603944860801,内蒙古建筑学院1956,2017-09-13 19:42:56,2017年9月14日（周四）下午，内蒙古建院-工程管理学院特邀内蒙古万和项目管理有限责任公司尚志勇老师，为我校师生带来以《全生命周期的项目管理》为题的学术讲座，以便让师生们全方位地了解和掌握项目管理工作相关专业知识，提高专业素养。届时欢迎大家踊跃参加。 ,0,0,0,,,,
27,4149288181799144,昆明官渡区,2017-09-07 10:20:55,近年来，官渡区高度重视科技人才的培养工作，于2012年在全省率先启动了县区级学术和技术带头人培养工程。6年来，积极采取定向培养、目标考核、项目管理、基地孵化、团队培育、学科带头相结合的方式，在人才“引、育、管、用”上下真功、求成效。2012年至2017年，共遴选培养了官渡区学术和技术带头人90名、官渡区科技创新团队30个。2016年全区组织实施科技计划项目28项，76个科技计划项目获得省级立项，争取到科技扶持资金2200余万元。2017年又有2名学术和技术带头人荣获了第七届“云南青年创业省长奖”提名奖，切实为官渡区经济社会发展提供了人才保障和智力支持。xyl,0,0,0,,,,
27,4133489160675691,云雾茫茫的世界,2017-07-25 20:01:14,"工程项目管理实现标准化的意义探析,工程管理论文_学术堂 网页链接 ",0,0,1,,,,
27,4133337733551071,索引留学赵老师,2017-07-25 09:59:32,#美国东北大学#美国东北大学项目管理专业录取要求： *GPA2.5+，托福79（写作不低于20）直录 *无需GRE/GMAT *无学术背景要求 每年1，5，9月开学 ,0,0,0,,,,
27,4115239660308942,Ethreal_remember,2017-06-05 11:24:15,快放假了 考试周也快来了 预计最后一周内考六门 工程经济学 学术英语 热力学与传热学 电工电子 p&amp;cm 工程项目管理2一门都不能挂，挂了就不让出国了 ,0,3,3,,,,
27,4108123469804719,网路冷眼,2017-05-16 20:07:03,【Open Science Framework: A scholarly commons to connect the entire research cycle】网页链接 开放科学框架：连接整个研究周期的学术共同体。简化学术合作，基于云的研究项目管理。全世界科研人员的共同社区，开放，共享。 ,8,2,6,,,,
27,4095287137783787,弘博网,2017-04-11 10:00:03,#文博招聘#  对考古有浓厚兴趣的你，最不能错过的莫过于中国社会科学院考古研究所科研处的招聘！现招聘科研处工作人员1名，从事国际学术交流与对外合作项目管理等工作。给你一个机会，感受考古学的魅力。详情可戳网页链接 @中国考古网 #北京招聘# ,2,0,1,,,,
27,4093823933973326,游佛UFO,2017-04-07 09:05:48,今天，对，今天！《项目管理评论》又推送他们2.5年前(即2014年9月)对我的封面专访文章。我再读一遍，观点不变，这就是经过时间检验的学术研究结论[胜利]王守清：一直在路上的PPP行者 ,1,4,10,,,,
28,4093564420255173,中国考古网,2017-04-06 15:54:35,#招聘启事#社科院考古所科研处现公开招聘科研处工作人员1名。主要负责国际学术交流与对外合作项目管理等工作。具体应聘条件、待遇及报名方式见网页链接网页链接 ,6,12,23,,,,
28,4081482894469027,游佛UFO,2017-03-04 07:46:56,17年清华各类硕士研究生招生复试分数线出台，复试时间3月4~22日(各院系自定)。报考项目管理领域工程硕士的考生全军覆没，跟学术型硕士同样的考试，比管理类联考难多了。都是管理类学位，考试制度歧视项目管理！为考生们难过，为有关校/院/系抱屈。明年我系改招工程管理硕士，参加管理类联考。 ,1,17,7,,,,
28,4075680692166582,游佛UFO,2017-02-16 07:31:02,基于喜欢的坚持，有时还真有运气，如我1984-1996年教研项目管理，九十年代后期至今国内项目管理火爆；1996年至今教研PPP，2014年至今国内PPP火爆。当然，基于喜欢的坚持更适合于学术界，不适合实务界，实务界更需要与时俱进，但学术界与实务界的交流是取长补短，更易促进双赢。 ,1,2,20,,,,
28,4051619475982270,四川建院大学科技园,2016-12-11 22:00:21,于12月8日下午成都航空职业技术学院科技处李明福处长一行至四川建院大学科技园进行了科技工作调研。在科技园中进行了参观，与科技园入驻的企业进行了交流，并和科技园老师在科研项目管理、学术组织建设和创新创业团队建设等方面进行了深度的交流讨论。 ,0,0,1,,,,
28,4045872154953911,西安讲座画展音乐会预告,2016-11-26 01:22:32,讲座：  省图（11.27）：退休后的无痛生活-老人年常见的慢性痛疼病的防护 西交大 （11.27）：如何理解工程电介质中极化和电导两个基本物理过程 西工大（11.25-27）：2016年航空科学与技术全国博士生学术论坛 西工大（11.26-27）：2016中国项目管理大会暨中国特色与跨文化项目管理国际论坛 ,0,0,0,,,,
28,4040590058387209,zzyedu在职研,2016-11-11 11:33:22,在职研纳入统招后能终身保留学籍，are――you kidding me? 中国社科院作为我国人文社会科学研究最高学术机构和综合研究中心，项目管理在职研究生依托校内雄厚的研究力量和教师资源，采用课堂讲授、集体讨论、案例教学相结合的教学模式，兼顾理论与实务两方面知识的传授与训练 网页链接 ,0,0,0,,,,
29,4027207292557666,StopOne-英美澳申请,2016-10-05 13:15:03,"#澳洲留学##雅思##英国留学#悉尼大学项目管理专业入学要求The Master of Project Management 1.学术要求：均分要求：985/211 75分，非211 80分背景专业要求：本科任何专业工作经验要求：无 备注：　本科相关专业+3年项目管理工作经验可以申请最多4门课程减免。2.语言要求： 雅思：总分6.5，单项：6 托福：总分85，单项：写作口语19，其他17",0,2,2,,,,
29,4022164116568530,游佛UFO,2016-09-21 15:15:16,明年清华所有工程硕士名额只有100个，我所在建设管理系项目管理领域(城镇化与PPP)分到20个名额，都是双证(学位证和学历证)，主要周末上课，学费应比之前单证8万高，食宿自理，入学考试是12月与学术硕士(我系仅1个名额)一样的考试，招生简章近期研究生院官网(清华大学研究生招生网 )会公布，谢谢我！ ,3,14,14,,,,
29,4019649823304568,游佛UFO,2016-09-14 16:44:22,单证专业学位(含项目管理领域工程硕士)已成历史，以后都是双证(毕业证+学位证)，但区分脱产和在职两种(毕业证中注明)。因项目管理是40个领域工程硕士中唯一需要3年工龄的，也参加学术型硕士全国统考，项目管理领域2003-2016年曾经的辉煌(报考/录取人数最多、录取分数最高)将成历史网页链接 ,9,4,6,,,,
29,4013931166679468,邹城发布,2016-08-29 22:00:28,#今日邹城#【2016年孟子研究院特聘专家工作研讨会在我市召开】王志民、陈来、梁涛、杨海文、孔德立等专家学者参加。此次会议主要讨论了孟子研究院的《特聘专家工作制度》《学术委员管理制度》《科研项目管理制度》以及《专职人员管理制度》，专家对这四项制度展开深入讨论，并提出了宝贵意见。 ,0,0,0,,,,
29,4012281916075453,汕头市中心医院,2016-08-25 08:46:56,8月17日，全国“乙肝母婴零传播工程项目”医院授牌仪式在我院学术交流中心举行。作为全国乙肝母婴零传播项目工程医院之一，我院将成立项目管理与技术小组，开设妊娠乙肝咨询门诊，全力支持项目推广与实施，为帮助每一个乙肝家庭都生出健康宝宝而努力！网页链接 ,0,0,1,,,,
29,4008372858279522,大学科普,2016-08-14 13:53:43,【动态速递】苏州大学学生科技协会招新啦，今天谈的是项管部，项管部主要负责苏州大学本科生学术性活动与“挑战杯”大学生学术创新系列竞赛的筹备与组织，是一个集创新项目开发、传统项目管理为一体的综合性部门。#大学科普##高校科普##高校科协#科协 | 同学，我有个大项目想和你谈谈 ,1,1,3,,,,
29,4004779258084602,中国科技网,2016-08-04 15:54:03,2016年度国家杰出青年科学基金建议资助项目申请人名单公布啦！根据《国家杰出青年科学基金项目管理办法》的有关规定，现将2016年度国家杰出青年科学基金建议资助项目申请人名单予以公布。建议资助项目申请人有违反《国家自然科学基金条例》《国家杰出青年科学基金项目管理办法》或其他学术不端行为的，任何单位和个人均可在15日内（8月4日—8月18日）向国家自然科学基金委员会提出书面异议。,29,5,11,,,,
29,3996103411739843,---SongJoongKi,2016-07-11 17:19:20,发表了博文《山东一级消防工程师报名时间》主讲科目：施工管理、项目管理学术背景：教材编委，往年命题老师。辅导资历：多年从事建造师的授课工作授课特点：将晦涩难懂的项目管理（施工管理）讲得简单明了、条理清晰山东一级消防工程师报名时间 ,0,0,0,,,,
30,3989116867053247,鲁大CAT教学-周兴华,2016-06-22 10:37:19,#学术讲座# 2016年6月23日（周四），学院邀请北京对外经济贸易大学翻译系崔启亮博士做两场学术讲座，上午：本地化与翻译项目管理；下午：大数据时代的语言服务教学与研究。崔老师是中国翻译协会本地化服务委员会副主任、国际语言服务与管理研究所副所长，国内资深本地化专家、语言服务专家，出版和发表相关领域专著、论文数十篇，也是国内多所高校的客座教授或兼职导师。,1,1,4,,,,
30,3973221190016343,Ruby学姐AU-DIY,2016-05-09 13:53:33,#学姐带你留英国#MSc Project Management 兰卡斯特大学 项目管理 语言要求：雅思7分，单项6分 学术要求：英国2.1以上学位，GPA：3.2/4分制； 专业要求：没有特点某个专业申请，只要有一定的数理背景的学生都可以申请； ,0,0,0,,,,
30,3968443625605111,饭团2015JY,2016-04-26 09:29:13,2016年4月15日，美国世界级游戏制作大师Montgomery  Singman（西门孟）应新媒体学院邀请，到我校进行了为期两天的学术交流讲座。讲座主题为“数字娱乐游戏研发流程与职业规划”和“泛数字娱乐ip与项目管理分析”。 ,0,0,3,,,,
30,3967098529300435,宜昌一医护理部,2016-04-22 16:24:16,宜昌市护理学会儿科分会学术交流会于4月16日召开，大会组织全市各级儿科护理同仁参加，邀请了卫生部项目管理培训师王国谧教授和武汉儿童医院的黄护士长及本市专家通过自己的亲身体会与经验，与大家生动、详...@宜昌市第一人民医院 @宜昌一医儿科@宜昌一医骨科 @护理品管圈 参加宜昌市护理学会儿科分会感想 ,4,3,3,,,,
31,3967057903101249,德纵腐国小顾问,2016-04-22 13:42:51,MSc Engineering Project Management 利兹大学 工程项目管理 语言要求：雅思6.0，单项5.5分 学术要求：英国2.2以上学位，中国大学211均分70%，其他80%； 专业要求：工程或技术专业，管理或经济类专业需要2年工程类工作经验，或者相关工作工作专业职称的也可以申请。 ,0,0,0,,,,
31,3967022348003042,Wonderlock,2016-04-22 11:21:34,辅修准备写文献综述，老师说相关文献会有几百篇。讲真，写一个包含大量文献的综述，我觉得这不是学术问题，而是管理学问题，是项目管理。 ,0,2,3,,,,
31,3961967171370816,英国申请小能手,2016-04-08 12:34:06,#留英资讯# 英国大学 【管理】专业 院校推荐 6牛津大学：重大项目管理 语言要求：雅思7.0分，单项7;GMAT:600 学术要求：本科毕业或者具有专业职业资格，需要10年以上管理经验 ,0,0,0,,,,
31,3961921780681307,Ruby学姐AU-DIY,2016-04-08 09:33:43,#学姐带你留英国#MSc in Major Programme Management 牛津大学重大项目管理 语言要求：雅思7.0分，单项7； 学术要求：本科毕业或者具有专业职业资格，需要10年以上管理经验 ,0,0,0,,,,
31,3959201174518846,抚顺林业,2016-03-31 21:23:01,集体林权制度改革监测项目从2010年正式启动后，已经持续实施6年，在服务林业改革决策方面发挥着日益重要的作用。为提升项目服务决策能力，提高学术参考价值，集体林权制度改革监测申请2015年度国家林业局软科学研究项目，项目编号为2015-R08，参照软科学项目管理办法，强化项目管理，将这项常规化研究项目纳入正规化、科学化的发展道路。,0,0,0,,,,
31,3957313449090225,英国申请小能手,2016-03-26 16:21:52,#留英资讯#英国大学 规划专业 申请要求及院校推荐 9伦敦大学学院：大型基础设施规划、评估和验收 语言要求：雅思6.5分，单项6分 学术要求：英国2.1学位，中国211大学，GPA:3.3分/4分制，或均分83-85分。专业要求：相关专业如土木工程、规划、政策研究、项目管理、地产管理、相关社会科学和其他领域 ,0,0,0,,,,
31,3951118130869109,桃花换酒_zZ,2016-03-09 14:03:53,今天项目管理的老师给我们讲团队案例，然后扯远了讲起了西学（西游记学术研究）说 西游记拍的多现实啊 有背景的小妖最后都活着收走了没背景的妖精都死的很惨；牛魔王和铁扇怎么能生出红孩儿这么好看的娃还会三味真火 家里都没这个遗传基因； ,0,1,1,,,,
31,3932679449762377,新经纬传媒,2016-01-18 16:55:09,山西大学巡视反馈：有的校领导利欲熏心，斯文扫地，有的校领导无境界、无形象，有的校领导为攀附显贵在转学、转专业上弃原则，丢党性。形成了以学术和学科为纽带的“山头”和“圈子”。基建工程和维修改造项目管理混乱。招生尚需规范。科研经费管理不严，胡支乱花问题严重。重职称轻教学、重科研轻管理 ,3,28,5,,,,
32,3929467955645188,西安雄师哥,2016-01-09 20:13:48,【山西省委巡视组：山西大学部分领导利欲熏心 斯文扫地】有的校领导为攀附显贵在转学、转专业上弃原则，丢党性；有的校领导利欲熏心，斯文扫地；部分中层干部不讲规矩；一些领导干部不遵守组织纪律，形成了以学术和学科为纽带的“山头”和“圈子”；基建工程和维修项目管理混乱。 省委巡视组：山西大学部分领导利欲熏心 斯文扫地 ,0,0,1,,,,
32,3915693948871114,骨子里牛X闪闪的LA-DY,2015-12-02 20:00:50,牛叉的朝乐门老师陶醉在讲自己项目申请经过中，PPT都不用展示了，幸运的艺术学院的同学又逃过一劫，多了一周时间来准备。朝老师幽默可爱，严谨又严肃，高智商高水平，中国的学术研究需要这样的老师。项目管理，统计学，博弈论，要学的东西太多啦！上课最开心的事就是学到课程之外的有价值的东西。 ,0,0,0,,,,
32,3911922661611523,Hello-C怪咖,2015-11-22 10:15:05,"如何走好项目管理之路，如何进行成功的综合项目管理，如何使工程监理企业走出困境,实现可持续发展是大家共同关注的重大问题。主题：项目管理之路—六步助你成功主讲人： 北京科技大学教授   博士生导师刘 胜 富 教 授 时间2015.11.23 晚上:7:30—9:30地点：绵阳校区学术报告厅。欢迎大家前来聆听  ",1,0,3,,,,
32,3907289482281613,泓钰华东总校-上海泓钰,2015-11-09 15:24:29,活动现场：意大利米兰理工教授与泓钰学校、合肥工业大学进行建筑专业相关的学术交流与探讨，同时针对欧洲建筑发展历史与建筑项目管理进行现场展示、作品点评等。届时，更多现场活动内容请咨询泓钰华东总校：15052137001了解详情。 ,0,0,1,,,,
32,3905573575290500,交通研究生,2015-11-04 21:46:05,发表了博文《交通学院举行博力学术论坛第四讲》11月3日下午，交通运输工程学院博力学术论坛第四讲在工二B413开讲，刘伟军副教授主讲：工程项目管理的可持续发展思考。学院工程管理专业老师、研究生和部分本科交通学院举行博力学术论坛第四讲 ,0,0,1,,,,
32,3902212197302088,海南热带海洋学院教育学院学生会,2015-10-26 15:09:10,听说图书馆负一楼学术报告厅和积极心理学讲座更配哦！！清华大学--伯克利大学积极心理学高级研究中心项目管理负责人汪薇老师关于《积极心理学研究进展及其启示》的讲座已经开始啦！看来即使是太阳高照也阻挡不了同学们的热情啊！也很感谢汪薇老师能够为我们带来精彩而又充满热情的讲座！ ,1,0,1,,,,
33,3901460264194416,游佛UFO,2015-10-24 13:21:15,第13届中国项目管理大会暨中国特色与跨文化项目管理国际论坛开幕，会议主题：项目管理与组织环境。上午的开幕式和三个主题报告，深入研讨交流项目管理学术和应用问题，虽然我不再研究项目管理，也大受启发 ,2,1,1,,,,
33,3901425417212162,PMI中国,2015-10-24 11:02:47,#PMI（中国）2015项目管理大会#PMI总裁兼CEO郎马克先生、国家外国专家局培训中心主任柳忠三先生、柯马全球副总裁Roberto Guida先生正分别进行主题演讲，从学术、文化等多个角度阐述项目管理为企业提供的极高价值。 ,2,1,1,,,,
33,3899614622787790,锋语论剑,2015-10-19 11:07:19,【焦点新闻】北邮王长峰︱中国科技项目管理专业委员会︱“互联网＋与科技创新”研讨会在中国科学院学术会堂胜利召开！ （来自@手机百度） 【焦点新闻】北邮王长峰︱中国科技项目管理专业委员会︱“互联网＋与科技创新”研讨会在中国科学院学术会堂胜利召开！ ,0,0,0,,,,
33,3892060354319410,中国科技论文在线,2015-09-28 14:49:22,#主编微讲堂#科技评价的功利导向严重影响科技发展。政府应尽量减少各种科学“工程”“计划”的投入，将省下来的钱用于支持科学家自主研发。正在启动的科研项目管理由政府计划到专业机构管理的改革具有划时代意义，但要真正发挥第三方评估机构的作用。治理学术不端须扭转科技评价的功利导向 ,6,0,6,,,,
33,3883746900300133,科学网,2015-09-05 16:14:39,【新期刊将彻底打破传统学术出版规则】9月1日开放获取期Research Ideas &amp;Outcomes (RIO)宣布创刊，代表着一种新学术出版模式的出现，新型期刊接受和发表研究过程所有类型的学术资料，包括研究思路、研究方案、研究数据、软件、项目报告、政策简报、项目管理计划，也接受研究论文。网页链接 ,6,3,4,,,,
33,3882891798630074,联合建管JCM,2015-09-03 07:36:48,应香港测量师学会和深圳监理协会的邀请，联合建管 @邱闯JCM 院长和聂锐敏副院长(@clockwork59 )于9月4日和5日分别在香港和深圳为香港测量师和深圳监理工程师讲授智慧项目管理。这是深港二地联合发起的一次学术交流研讨。 ,2,1,3,,,,
33,3862339365751178,在职研究生一枚,2015-07-08 14:28:45,【项目管理在职研究生培养学生捕捉学术最前沿信息和亮点的能力】　　每个项目管理在职研究生考生的面试时间不会很长，一般十来分钟。应试策略基本有两种:一是适时出击，详细谈你熟悉的内容�网页链接 ,0,0,0,,,,
33,3857536811658255,职称论文_雪,2015-06-25 08:25:08,《工程技术》为专业发表职称论文的学术期刊。主要栏目：工程技术、工程设计、城乡规划、预算造价、水电工程、路桥工程、安全质量、房项目管理、工程机械、理论与实践等。咨询QQ：2305325525 ,0,0,0,,,,
34,3847991573699891,游佛UFO,2015-05-30 00:15:45,"央视网：广东省最大项目管理学术组织成立，王守清教授做“PPP项目管理”主题报告。(来自@手机百度, 点击下载:  ) 网页链接 ",1,1,6,,,,
34,3847486449522061,明仕思远,2015-05-28 14:48:35,我正在申请微博认证，认证信息为“武昌工学院项目管理沙盘协会学术部部长”。请@唐攀攀攀 @Peedior 转发此条微博帮我确认身份，多谢！！ 申请微博认证 ,2,3,1,,,,
34,3844350897542518,江苏省社会科学院,2015-05-19 23:09:01,【我院学术档案体系建设新突破】我院举行中加合作项目学术档案移交仪式。该档案是我院目前保存最为完善的大型国际合作科研项目学术档案，体现了我院在科研管理和治学品质的优良传统。学术档案建设可推动我院科研项目管理服务和监督机制建设，并促进构建完整、系统的学术档案体系。网页链接 ,0,0,2,,,,
34,3834859212167460,云南大学公共管理学院研究生会,2015-04-23 18:32:27,【学术讲座通知】 演讲人： 王守清 ——著名项目管理专业，清华大学教授、博导、副院长 主题：解读中国式PPP项目融资模式 时间：4月24日18:50-21：30 地点：云南大学科学馆第六会议室 ,0,0,1,,,,
34,3823910221326889,CHBD交流平台,2015-03-24 13:25:04,各位群友：2015年3月26日CHBD在线学术交流目前正在火热报名中，此次在线学术交流我们将邀请CHBD马赛会长为大家带来精彩的学术内容分享--&lt;&lt;BD项目管理的公司企业内部沟通&gt;&gt; ，欢迎大家踊跃报名参与！敬请关注！谢谢！ ,0,0,0,,,,
34,3809726217407105,中国科技论文在线,2015-02-13 10:02:54,#主编微讲堂#科研项目管理由政府计划到专业机构管理改革，要重点打破先前构成的部门官员和伪“知识精英”的利益共同体。这些共同体不仅滋长了官学勾结、垄断性学术腐败现象，在科研政策制定、经费分配、成果评价等方面始终处于优势地位，还导致了科技财力资源的巨大浪费，也挫伤了科研人员的创新潜能。 ,4,0,4,,,,
34,3809532470339114,健康广州,2015-02-12 21:13:01,【2015年我市卫生计生工作任务】加强科教兴医和卫生人才工作。加强新一轮市级医学重点学科建设，引导和扶持我市医疗机构创建特色学科。规范科研项目管理，提高医学科技创新水平。强化继续医学教育，开展对外学术交流与合作。 ,0,0,0,,,,
34,3808703868445761,王强-叁,2015-02-10 14:20:26,现代项目管理理论和方法_成虎_东南大学-超星学术视频 网页链接 ,0,0,0,,,,
35,3807347329850362,丹麦留学就业直通车,2015-02-06 20:30:03,#丹麦留学推荐#SDU南丹麦大学经济与项目管理硕士专业侧重于培养学生的经济学分析能力，教导学生如何使用定量及定性工具完成相关数据研究，为未来成为优秀顾问或项目经理打下学术基础。专业详情及要求等详细内容请戳网页链接 ,0,0,1,,,,
35,3806103387092831,曼彻斯特大学申请中心,2015-02-03 10:07:04,发表了博文《曼彻斯特大学工程项目管理硕士课程解析》中国学生貌似都比较青睐于腐国的商科专业或者工程专业。曼彻斯特大学，这所位于英国曼彻斯特市的古老大学不仅有着浓厚的学术气息，来自于足球俱乐部曼联的激情也曼彻斯特大学工程项目管理硕士课程解析 ,0,0,0,,,,
35,3799601502678492,昆山发布,2015-01-16 11:30:53,#昆山新闻#【顶尖核物理学家就任昆山杜克学术事务副校长】本周，昆山杜克大学迎来了学术事务副校长高海燕，她是世界顶尖核物理学家。加入昆山杜克大学，主要负责学术项目管理、教职人员遴选，并将一流的学术体验带给全校师生。 ,7,5,0,,,,
35,3793112599647484,捷为科技,2014-12-29 13:46:19,在过去十年中大多数管理学术带头人所指出的按项目进行管理已经在各行各业的所有组织中成为占统治地位的经营方法。 金融咨询企业怎样增强自身项目管理能力？？？ 那么，金融咨询企业怎样增强自身项目管理能力呢？？？请参阅本文，关注捷为科技官方微信。 ,0,0,0,,,,
35,3793081579007802,南昌市政公用集团发布,2014-12-29 11:43:03,12月27日，南昌市政公用集团高级项目管理研修班结业典礼在华东交通大学土建学院学术报告厅举行，集团总经理万义辉一行出席典礼。这次参加研修班学员都是集团从事工程项目管理工作的骨干，请来授课的都是华东交通大学以及我省相关领域的著名专家学者。 ,0,0,1,,,,
35,3787999005162102,江苏省规划设计集团西部区域总部,2014-12-15 11:06:43,12月13日上午，东南大学王兴平教授应邀做了题为《中国开发区发展与规划研究——兼论集约型开发区产业布局规划》的学术报告。报告从集约型开发区的园区定位、产业选择、发展规模、产业布局、项目管理、空间优化及创新体系七个方面做了介绍，并引用大量案例，提出了开发区规划编制的有关技术思路和方法。 ,2,1,2,,,,
35,3785878855725633,福大经管团委学生会,2014-12-09 14:42:00,#校园讲座#福州大学第五届项目管理大赛培训第三讲开讲啦~ 王海燕副教授将为我们带来项目组织与项目团队管理的专题讲座~相信能帮助大家更好地建设项目管理团 队！12月10日（周三）晚七点整，素拓学术报告厅！期待你的到来！@福大经管学院创新创业实践中心 ,0,0,2,,,,
36,3768208869785915,深圳教育,2014-10-21 20:27:47,#科技项目管理#【高校科研评价重大改革 北上广率先启动】广东探索重点实验室、工程技术研究中心等改革方案。上海高校将不再仅依据发表论文数量一刀切，将建立科研人员分类考核和科研成果多元化评价体系；北京将以科研质量为导向，防止片面将学术项目、学术成果与职称评定、职务晋升挂钩。据中国教育报 ,1,0,2,,,,
36,3766005606249182,结婚小岛岛主-钻饰,2014-10-15 18:32:48,上大ECO遇上百事蓝 男性领导力论坛(图)  （分享自 @新浪教育）很快就10周年了！10月19日全天在上海大学MBA活动。恭喜！岛主 @SHUMBA @上海大学研究生 @MBA_Tony @SHUMBA_BST @SHUMBA项目管理办公室 @SHUMBA_GLPRO @SHUMBA_BST @SHUMBA-lifehub @SHUMBA学术部门 网页链接  ,0,0,1,,,,
36,3756827214486414,PMI中国,2014-09-20 10:41:09,#PMI2014项目管理大会#国家外国专家局培训中心主任柳忠三先生也应邀来到PMI （中国）2014项目管理大会上带来精彩演讲：“与PMI 合作推动项目管理在中国的发展”，从PMI促进我国企业项目管理发展的角度出发，详细阐述了与PMI的深度合作从而推动项目管理人才、学术等方方面面的进步。 ,24,16,3,,,,
36,3755817691793876,北京大学世界新能源战略研究中心,2014-09-17 15:49:40,【中心第四期课题立项名单公示】根据《世界新能源战略研究中心研究项目管理办法》，经本中心学术委员会组织评审，对第四期课题申报通过评审的项目予以公示，小伙伴们快来围观加入我们吧！网页链接 ,0,0,0,,,,
37,3753664944431660,光环国际PMP远程培训,2014-09-11 17:15:24,【pmp认证——看光环国际带您步入高薪!】  光环国际教育集团在2001年成立，总部设在北京，分公司位于广州、上海和天津，并且开设远程体系，开放在全国及海外.光环国际于2003年成为美国项目管理学术组织PMI授权…网页链接 ,0,0,0,,,,
37,3752085469988577,CUMT科技创新部,2014-09-07 08:39:09,科技创新部主要负责“挑战杯”科技学术竞赛项目管理，定期举办大学生科技创新活动、创新项目沙龙等。在这里可以了解创新项目、专利申请、学术论文；在这里可以提升自己的组织、交际、学术水平；在这里可以感受浓厚的学术氛围，接触优秀的学术牛人。科创大家庭欢迎你的到来！  学苑南路 ,0,0,2,,,,
37,3746472761962379,每日税讯精选,2014-08-22 20:56:15,【管理会计要有项目管理思维】在搭建我国管理会计理论体系的道路上，这几年，我国学术界与实务界积极开展研究，提出了一些先进的现代管理理念及管理方法，并逐渐为现代企业广泛采用。这其中有一种观点就是：发展管理会计要有项目管理思维。 ,13,1,3,,,,
37,3743805238654642,闲看路上风景,2014-08-15 12:16:27,善款总支出约为1.304亿元：用于嫣然天使儿童医院的资金约5322万元（另有29万元待拨），用于地震救灾专项支出、天使之旅巡回手术、学术交流、宣传推广等费用约3112万元，项目管理成本约603万元；结余约1171万元。真正用于救助9616例患儿的手术费用约4002万元，占善款总额的30.69%......,0,0,0,,,,
37,3739846872756975,阳光学院学生会学术科技_部,2014-08-04 14:07:20,【部门介绍】学术科技部微博宣传开始啦！今天起我们将每天介绍学术科技部的特色活动。首先进行学术科技部的部门介绍。学术科技部是院学生会九大部门之一。这是一个团结友爱、充满激情与活力的年轻部门。我们致力于举办演讲、辩论、朗诵、项目管理等活动。让学院充满学术氛围是我们的奋斗目标。快看美图 ,2,8,3,,,,
37,3724783239371263,渐行渐远的Lingo,2014-06-24 00:29:50,6月20日。领导经常教育我们，干什么什么就是专业。我做了信息检索项目管理商务推广学术会议原料药寻找货物清关公司网站企业邮箱视频会议短信平台产品策划企业形象设计微信公众号，我感觉自己一点都不专业。 ,0,1,1,,,,
37,3724298533879154,道岚_daolanx,2014-06-22 16:23:47,@杭js上 看到了知识管理，项目管理，.net的交互，传感器，不像死板的学术会议报告，加上演讲者风格各异，开始有点hacker氛围和俱乐部的味道了。或者以后真成为了俱乐部，没有演讲者和听众的高低，只有相互分享，社区去筛选主题～ 杭州·浙江传媒学院 ,1,3,0,,,,
38,3720016547992755,滁州学院大学生通讯社,2014-06-10 20:48:42,复旦大学新闻传播学博士、全国网络舆情技能水平考试项目管理中心专家、新闻传播学考研辅导专家、网络@传播小王子 将于12号晚将作客滁州学院 “蔚然大讲堂”，作题为《我说故我在：媒介化时代的交往革命》学术报告，欢迎童鞋们前往聆听。准备考新闻研究生的童鞋可前往与之互动~ ,0,2,0,,,,
38,3709395672705653,WangQiangqiang强,2014-05-12 13:25:08,【湖北经济学院房地产经营管理协会_百度百科】湖北经济学院房地产协会成立于2010年，是由湖北经济学院物流与工程管理学院服务于工程项目管理专业的，具有专业性、学术性协会。协会直属物流与工程管理学院分团委，从属湖北经济学院学生社团联合会，严格按照《湖北经济学院社团管 网页链接  ,0,1,0,,,,
38,3705389503227723,Montreal康大Canada,2014-05-01 12:06:03,#康大校友# Farnaz Sadeghpour (博士－土木工程): 卡尔加里大学土木工程系教授，专业方向是工程项目管理。她学术水平高，但在教学方面非常不受学生欢迎。之前还曾任教于瑞尔森大学。 ,0,0,1,,,,
38,3705221781596697,georgefan2008,2014-05-01 00:59:35,项目工作台本身就是WBS，把1个项目分解为1棵任务树，下达任务并查看任务的执行情况。软件就是个工具，工具也就是能高效率的重复做人工做的事情。装备制造，项目制造，项目管理，这些领域一直可以产出很多博士论文，就是因为有些问题在学术上，理论上，实践上有分歧有探讨，//@闲人_无事:这组数据能说明,2,2,0,,,,
38,3699528043675505,平阳县心连心公益联合会,2014-04-15 07:54:42,昨日，心连心公益联合会秘书处编号：XLX0061黃鲜艳、XLX0152董加宝两名骨干，已圆满结束杭州培训相关课程，感谢县民政局和兄弟组织的支持，也感谢杭州公益伙伴细心指导。（本月底将继续派遣第三批后勤骨干，参加国内最权威清华大学公共管理学院NGO研究所为学术背景的社会组织项目管理LEAP实战培训） ,11,3,0,,,,
39,3697027017401082,中国文博,2014-04-08 10:16:31,#2013全国考古十大新发现# 童明康副局长结合今年参评考古新发现项目谈了3点感受：工作区域不断拓展，学术目标不断深化；考古工作质量和项目管理水平显著提升；考古工作确立保护与利用意识。他对考古工作提出几点希望：进一步夯实学术基础；积极参与大遗址考古；不断提升服务社会的广度和深度。 ,33,33,4,,,,
39,3695330907931441,苗苗爱芒果,2014-04-03 17:56:47,导师现在就问我毕业论文写什么了，好惶恐。。。还建议我写翻译项目管理的学术论文，不要写翻译实践报告了。学术论文哎[巨汗]沈奶奶你是认真的嘛 ,0,5,0,,,,
39,3687956478632587,上海大学管理学院研会,2014-03-14 09:33:26,#教师简介#程敏，上海大学管理学院副教授，硕士生导师，博士。2013年美国University of Maryland访问学者。主持国家自然科学基金项目、教育部项目等课题10余项。在重要学术期刊和国际会议上发表论文20余篇。研究领域：城市管理与建设工程管理、项目管理、可持续建设。详见:网页链接 ,2,0,0,,,,
39,3687732741925112,赤峰哥,2014-03-13 18:44:23,【内蒙将资助200个研究生科研创新项目】此次创新资助采取课题申报和项目管理的方式进行。实施时间为2014年3月—2015年3月。对象为全区高校在学的除学位论文已开题的全日制学术学位硕士研究生和博士研究生，及全日制专业学位硕士研究生。人文社科类每项资助0.5万元左右，自然科学类每项资助1万元左右。 ,1,1,0,,,,
39,3685991699404444,阳光学院学生会学术科技_部,2014-03-08 23:26:06,【学术·项目管理】今天（3月8日）14:30，学术科技部在我校商学楼307，与来自福州大学项目管理协会的同学们就项目管理大赛展开学术交流。会长陈俊明详细地向参赛选手介绍大赛需注意的细节，也根据自己的经历，向我们传授了可贵的经验，让在场参赛选手对项目管理大赛有了更深层次的了解。 ,12,5,7,,,,
39,3681249874510197,新闻出版广电报,2014-02-23 21:23:47,#预报#【《国家古籍整理出版专项经费资助项目管理办法（试行）》下发】公益性古籍整理出版项目；具有较高的版本价值、学术价值和文化传承价值，弘扬中华民族优秀传统文化的古籍整理出版项目；具有较高史料价值、集大成的古籍整理出版项目有经费重点资助。（详见明日出版的中国新闻出版报）X ,0,0,0,,,,
39,3679758506331594,重庆大学研究生会,2014-02-19 18:37:36,#科研学术#【工程科学前沿讲坛第63讲：福特翼虎与中国汽车市场】2月24日上午9:30，福特亚太翼虎SUV项目管理总监及总工程师张意康博士将在重庆大学A区主教504会议室介绍福特翼虎车如何针对市场特点和需求来进行产品的设计开发，以及制定高端智能SUV市场定位策略，使其一举成为中国汽车市场的一颗明珠。 ,4,0,2,,,,
39,3678721942533132,王晔Ken,2014-02-16 21:58:41,学术项目管理也是一门学问啊 //@JerryZhao2010:所以才要分工合作啊。有擅长social的同事负责外联，性喜清净的学人可以更安心于读写，但又不至于太out of touch。,1,1,0,,,,
40,3669500014340025,我是天坛人,2014-01-22 11:14:02,“国家神经系统疾病临床医学研究中心” 日前在京揭牌并举行了建设规划启动仪式，中心现已建立了包括研究顶层设计部门、项目管理部门、学术和伦理委员会、随访平台、数据管理与统计中心、质控中心以及监察管理等第三方机构在内的专业化临床研究公共技术服务平台。我院为唯一的依托建设单位。 ,9,4,1,,,,
40,3660123849860208,长安大学团委,2013-12-27 14:16:29,    #学术动态#2013年12月24日，交通部西部交通建设科技项目管理中心在西安主持召开了交通应用基础研究项目“混凝土桥梁时变效应耦合作用研究”等项目成果验收会。详情： 网页链接 ,3,0,2,,,,
40,3658435075467582,SHUMBA学生行政办公室,2013-12-22 22:25:53,【Life Hub 12月第一刊稿件评选结果】来自GC-13-PT孙玮卿的《真诚的美好》 精彩内容请点击阅读：网页链接 @SHUMBA @SHUMBA项目管理办公室 @MBA_Tony @赵毅斐@michelle_xulu @仙滴 @Julia_xuyoyo @SHUMBA学术部门 @SHUMBA-GLPRO ,0,0,0,,,,
40,3656168184569867,福大经管团委学生会,2013-12-16 16:18:05,#校园讲座#校项目案例管理大赛第三场培训讲座 题目：项目管理之十八般兵器 主讲人：王志玮 副教授 硕士生导师 主持国家自然科学基金1项 时间：12月17日（周二）晚上18：50 地点：素拓学术报告厅220 ,2,0,0,,,,
40,3653977566550654,用户2540490782,2013-12-10 15:13:23,12月8日，湖南省工程管理年会暨学术报告会在中南大学召开，中国工程院院士、著名地球物理学家、工程管理专家何继善教授以及中南大学、湖南大学、在湘建筑企业等100多位专家、学者参加会议。我局鲁贵卿董事长应邀参加此次会议，并在大会上作了题为《工程项目管理的方圆之道》的主题学术报告。 ,2,1,1,,,,
40,3653544194418783,RWS集团,2013-12-09 10:31:18,#本地化的那些术语# 项目管理学术组织 PMI (Project Management Institute) 项目管理学术组织PMI是一个国际性学会，致力于向全球推行项目管理，是项目管理专业中最大的全球性专业组织，组成人员包括研究人员、学者、顾问和经理等。PMI的资格认证制度“项目管理专业人员”(PMP)认证从1984年已开始推行。 ,3,0,0,,,,
41,3653269404484190,狮子i白羊,2013-12-08 16:19:22,我在:#上海大学(延长校区)#      结果小组成员三个多月的不懈努力，协调合作，给予股东最大回报，赢得bs课程双冠军！@GLMBA_2012_SH @SHUMBA学术部门   @SHUMBA项目管理办公室 ,0,0,4,,,,
41,3652148883648068,福大12级工商一班,2013-12-05 14:06:51,#讲座预告#福州大学第四届学生项目管理案例大赛第一场培训讲座     题目：如何将项目的成功从偶然变成必然     主讲人：邓丽君  管理学院讲师，主讲课程：管理学、项目管理等     时间：12月5日晚上18:20     地点：素拓220学术报告厅 ,2,0,0,,,,
41,3647465267684810,陈虎chenhu,2013-11-22 15:55:47,【欢迎:金德智博士加入同爻顾问团队】南京农业大学管理工程系副教授、硕导，从事工程项目管理、工程文化与工程哲学方面的科研和教学工作12年，在国内外权威期刊上发表学术论文20余篇。参编《工程项目管理：原理与案例》、《工程项目管理沙盘模拟教程》等教材。@同爻软件 ,2,1,0,,,,
41,3647068595448502,湖北第二师范学院教学信息部,2013-11-21 13:39:34,#建材系##万力老师#助教，工程管理教研室教师。主要研究方向为工程项目管理、项目预测与决策、项目风险管理。主讲课程有《管理学原理》、《工程经济学》等。近年来参与了《基于沙盘模拟实践的工程项目管理课程教学》、等省厅、校级项目，在有关专业期刊及学术会议上发表学术论文2篇。 ,8,0,5,,,,
41,3643923014422383,2961141780_751,2013-11-12 21:20:08,【全省首个工程管理服务业集聚区落户惠山】11月11日，江苏工程管理服务业集聚区正式落户惠山经济开发区，这是全省首个工程管理服务业集聚区。当天，省工程项目管理研究学术交流会暨首创研究院、江南大学与首创校企联合研究中心揭牌仪式同时举行。(全媒体记者于梁) ,0,0,0,,,,
41,3643854147853410,我在这种菠菜,2013-11-12 16:46:31,探索内在，探寻外界。寻求变化，寻找机会。在GICCW课程中重新认识自己，并找到梳理的方向。审视改变自我，不易，努力ing!@SHUMBA项目管理办公室 @SHUMBA招生办公室 @SHUMBA学术部门  我在:共和新路 ,1,0,1,,,,
41,3643822346601471,2961141780_751,2013-11-12 14:40:08,【惠山打造国家级工程服务业集聚区】11日下午，江苏省工程项目管理研究学术交流会暨首创研究院、江苏工程服务业集聚区、江大与首创校企联合研究中心的揭牌仪式在惠山开发区隆重举行。惠山将借此机会，全力打造无锡国家级工程管理服务业集聚区。（全媒体记者金鑫） ,0,0,0,,,,
42,3641782384798233,福尔摩斯浩_,2013-11-06 23:34:05,【讲座预告】青岛科技大学外国语学院学术报告：本地化翻译与项目管理     时间：11月9日（星期六）上午&amp; 11月10日（星期日）上午 地点：经管楼313会议室 @青岛科技大学研究生会 @青岛科技大学校园微博 @青岛科技大学微博协会 @糖是甜的酸O_o @Abraham_Song 欢迎转发并关注@青岛高校讲座 ,0,1,0,,,,
42,3637938690473818,我在这种菠菜,2013-10-27 09:00:35,"Thank you so much,Pro.Marco!Accounting can be funny.ADM course last five days.I felt a little tired.Still a course final exam. @SHUMBA @SHUMBA学术部门 @SHUMBA招生办公室 @SHUMBA项目管理办公室  我在:延长路 ",2,2,0,,,,
42,3637580254070574,天友设计,2013-10-26 09:16:17,今天上午九点在天友集团北京嘉铭中心办公室，开展CIOB北方区CPD「绿色建筑实践学术研讨会」。参加本次研讨会的包括：天友集团、清华大学国际工程项目管理研究院、天津大学管理与经济学部、中国建筑工程总公司第八工程局有限公司、CIOB办公室。@TENIO宋令涛 @天友城市研究院 @天津新金融低碳城市研究院  ,3,1,0,,,,
42,3636833164054722,wu四爷,2013-10-24 07:47:37,"我刚在@微盘 发现了一个很不错的文件&quot;项目管理在学术信息技术中的作用.pdf&quot;, 推荐你也来看看! 网页链接 ",0,0,0,,,,
42,3635901219065808,培仕太奇教育,2013-10-21 18:04:23,发表了博文 《西安邮电大学2014年拟招收500名硕士研究生》 - 太奇考研在线讯：西安邮电大学2014年继续招收学术型硕士研究生，并在工程硕士（含电子与通信 工程、计算机技术、项目管理、物流工程等  西安邮电大学2014年拟招收500名硕士研究生 ,0,0,0,,,,
42,3635109934358240,精英辽大,2013-10-19 13:40:08,通过上次的讲座相信大家对万学老师的风采记忆犹新，下面隆重推出大腕，邱锡彬。对的就是这位俊朗的大叔。首都大学生创业导师，全国&quot;挑战杯&quot;中国大学生创业计划大赛和学术科技作品竞赛唯一国家级双金奖获得者。对职业能力优化和项目管理等方面深层级规律的掌握，怎样，想听他的课么？骚扰社长吧！ ,0,3,2,,,,
42,3632194801036371,一个人的童话二个人的love,2013-10-11 12:36:26,"IPMA是国际项目管理协会的简称。IPMA颁发的特大型项目金奖是国际项目管理界的最高荣誉,被誉为项目管理领域的“奥斯卡”。“项目管理全球大会”是代表国际项目管理界最高学术水平的年度大会。 ",0,0,0,,,,
42,3628186414345400,百道网,2013-09-30 11:08:32,［百道网九月热文回顾］杨宗元：细谈学术选题的编辑策划和项目管理-百道网 网页链接   @人大出版  @人大李永强  @杨宗元 @百道研究   ,3,1,0,,,,
42,3627922189396460,SHUMBA学生行政办公室,2013-09-29 17:38:35,【国庆节放假及设施关闭通知】各位SHU MBA 同学，2013年的国庆假期即将到来，祝各位SHU MBA学生和您家人的假期愉快！MBA中心的Operation办公室将于2013年10月1-7日放假，放假期间教室、机房、案例讨论室都将关闭。敬请留意！@SHUMBA @MBA_Tony @SHUMBA项目管理办公室 @SHUMBA学术部门 ,1,0,0,,,,
42,3627281551881400,1-234啊,2013-09-27 23:12:56,学生会已经来通知了，两个部门要我，最终还是选择了生活部，放弃了秘书处@木叉叉叉 自己的感觉最重要。还有社团也进了项目管理协会的学术交流部，都是心仪的，好吧，大学生活算是正式开始了。@梦园是只慵懒的猫 @信望爱_某三 PS:@木叉叉叉 团干培训课程求指教。 我在:环市西路 ,0,16,2,,,,
43,3626903225225339,重庆邮电大学,2013-09-26 22:09:34,#重邮新闻#9月26日上午，由国家人力资源和社会保障部主办，重庆市人力资源和社会保障局、重庆邮电大学承办的“企业信息网络建设与系统集成项目管理”国家级高级研修班开班仪式在逸夫楼学术报告厅举行。重庆市人社局党组副书记冉隆江出席开班仪式并讲话，副校长林金朝代表学校致欢迎辞。 ,1,4,2,,,,
43,3623577146293510,SHUMBA学生行政办公室,2013-09-17 17:52:54,【中秋节放假及设施关闭通知】各位SHU MBA 同学，2013年的传统中秋佳节即将到来，祝各位SHU MBA学生和您家人的节日愉快！MBA中心的Operation办公室将于2013年9月19-21日放假，放假期间教室、机房、案例讨论室都将关闭。敬请留意！@SHUMBA @MBA_Tony @SHUMBA项目管理办公室 @SHUMBA学术部门 ,1,0,0,,,,
43,3622753775114169,fancy木木,2013-09-15 11:21:10,在近期的国家社科基金项目验收工作中，发现个别成果学术不规范问题比较突出。为进一步加强项目管理，提高国家社科基金使用效益，全规办提出加强社科基金项目管理的4点要求：1. 审核阶段性研究成果。2. 审核最终成果的形式和内容。3．审核经费决算情况。4. 认真填写审核意见。网页链接 ,0,0,1,,,,
43,3621460692134007,木棉花开Kapok,2013-09-11 21:42:53,这一学期，从整日泡在小学进行观察实验开始，接触各种各样的人：有提供技术支持测试的厂商，有专业领域的学术同仁，有一线的小学教师和可爱的孩子们。来回3个小时的路程似乎不嫌远，因为真真儿的能学到东西，更接地气儿，无论是学术理论还是项目管理，工作中的点滴为人处世，收获很大！找到自己的不足 ,0,2,0,,,,
43,3617969182013952,百道网,2013-09-02 06:28:54,杨宗元：细谈学术选题的编辑策划和项目管理- @百道网 网页链接  在百道网第三期编辑沙龙上，杨宗元老师 跟大家详细分享了学术选题的流程管理，特别是审读流程管理，更是事无巨细。提问部分也很精彩。@人大出版  @杨宗元微博   ,5,1,0,,,,
43,3617469366927566,SHUMBA学生行政办公室,2013-08-31 21:22:49,#2013届SHUMBA毕业典礼#又是一年毕业时，Are U READY? @SHUMBA @MBA_Tony @SHUMBA项目管理办公室 @仙滴 @Julia_xuyoyo @SHUMBA学术部门 @SHUMBA校友会 ,3,1,0,,,,
43,3617019603780695,IT圈里的医学女,2013-08-30 15:35:37,#DIA学术沙龙#内容不错，不好的我小叨一下：时间控制的不好，没有站高一点的视角，项目管理的思路不清晰… ,0,0,0,,,,
44,3616690744783503,盈科王荣玉律师,2013-08-29 17:48:51,网页链接 土木工程经济与项目管理_李远富_西南交通大学-超星学术视频 . ,0,0,1,,,,
44,3615550405938924,百师汇-小李,2013-08-26 14:17:31,发表了博文 《云倩老师新作《红烧肉一样的项目管理》分享》 - 云倩老师新作《红烧肉一样的项目管理》分享 本书不是小说，不是学术著作，不是模板集，也不是关于成功的励志书。它只是一本以故事为叙述形式的项目 云倩老师新作《红烧肉一样的项目管理》分享 ,0,0,0,,,,
44,3615469208221228,游佛UFO,2013-08-26 08:54:57,投融资不是或不仅仅是学术问题，更是政策法规等问题；讲投融资项目管理不仅仅要讲投融资和项目管理，还要讲政治、法规、合同、保险和市场等（当然还有项目所涉及的技术，这是不言而喻的）。 ,5,4,3,,,,
44,3612062129098585,SHUMBA学生行政办公室,2013-08-16 23:16:22,#2013入学导向#第六周，进行的是商业技能基础课程。第3门是统计与决策课程，任课老师是上海大学管理学院于丽英教授。于老师从上海交通大学获得博士学位，有17年教学经验和3年企业经验。@MBA_Tony @SHUMBA项目管理办公室 @SHUMBA学术部门 ,1,2,0,,,,
44,3612061281956943,SHUMBA学生行政办公室,2013-08-16 23:12:59,#2013入学导向#第六周，进行的是商业技能基础课程。第2门是企业经济环境，任课老师是上海大学经济学院韩太祥副教授，韩太祥老师毕业于辽宁大学获博士学位，有超过20年教学、咨询和研究经验。@MBA_Tony @SHUMBA项目管理办公室 @SHUMBA学术部门 ,0,1,0,,,,
44,3603180245694447,上海交大硕士直通车,2013-07-23 11:02:58,上海交大-美国纽约州立大学硕士直通车 石溪大学全球运营技术管理硕士 课程设置： Term 1：托福备考课程，由上海交通大学教师授课。 Term 2：学术英语与学术思维，由上海交通大学和美国大学教师授课。 Term 3：石溪分校先修课程（国际电子商务、项目管理、全球运营），由美国石溪分校教授授课。 ,0,0,0,,,,
44,3602897062857431,志愿北京,2013-07-22 16:17:41,"#志愿北京#2013年7月19日@北京志愿服务发展研究会BVF 举行《志愿服务研究学术文库》成果发布仪式《北京奥运会观众服务志愿项目管理研究》历时五年编撰完成,由原北京奥组委运动会服务部、志愿者部观众服务处负责人的亲身经历为主线,记录了北京奥运会观众服务志愿项目的运作管理实践网页链接 ",3,0,0,,,,
45,3601750634446824,icecal,2013-07-19 12:22:11,@北京志愿服务研究会BVF 推出的北京志愿服务学术文库首批博士论文：《中国志愿服务法制化研究》、《北京奥运会观众志愿服务项目管理研究》出版。@志愿北京微波博 @青年说 @谭建光为志愿加油 ,0,0,0,,,,
45,3600668705158583,SHUMBA学生行政办公室,2013-07-16 12:42:58,【2013届MBA毕业典礼】将于秋高气爽的9月1日举行，欢迎各位2013届毕业生们（包括3月和7月两个批次）邀请你们的家人共同来见证难忘时刻！具体时间随正式通知已经发出，请查收邮件哦！终于要穿硕士服了，激动的心情有木有？@SHUMBA @MBA_Tony @SHUMBA项目管理办公室 @SHUMBA-IGF @SHUMBA学术部门 ,10,2,0,,,,
45,3596708007131475,南京大学国际MBA教育中心,2013-07-05 14:24:35,7月7日晚上6点在安中楼302室由戚效营博士为我们带来题为Data Science and Business Analytics关于市场营销的学术讲座。戚效营博士曾任IBM软件产品经理，斯坦福研究所现任研究员；现任公立加州大学系统教育技术项目管理经理，私立加州南湾大学董事和教学科目顾问。欢迎大家前去聆听~！ ,1,0,0,,,,
45,3595983180630308,Joyce_小香猪,2013-07-03 14:24:23,本周日晚乒羽俱乐部活动继续开展，时间：19点-21点，地点：闸北体育馆，地址：闸北区中华新路475号，场地：3号、4号场，有兴趣的同学请私信我。@SHUMBA @SHUMBA校友会 @SHUMBA学术部门 @SHUMBA项目管理办公室 @上海大学MBA联合会 @上海大学MBA学生俱乐部 ,0,0,0,,,,
46,3591310013447129,广州朝晨教育,2013-06-20 16:54:53,2013年6月23日，广州大学项目管理工程硕士专题论坛，地点广州大学桂花岗校区学术交流中心A厅，全程免费，帮助大家了解项目管理人才的职业发展，欢迎预约报名，预约电话020-66623806，QQ：1452151262，颜老师 ,23,0,0,,,,
46,3590175747603615,向阳的花Emily,2013-06-17 13:47:42,6月23日，于广州大学学术交流中心召开项目管理专业免费论坛会，邀请著名讲师-梁光华，有意者与我联系吧 020-66623807 ,0,0,0,,,,
46,3588792114467522,Irene-s,2013-06-13 18:09:39,我严重同情甲方极品男的女儿，下班之后不着急回家，在这里没完没了谈项目管理的学术派知识!他自己就没明白过，项目怎么做好不好! ,0,0,0,,,,
46,3588660655867975,PMI中国,2013-06-13 09:27:16,【信息系统提升项目沟通管理】文/田玉明 海洋石油工程股份有限公司，PMP 1. 沟通的重要性1.1. 什么是沟通管理学术界在不断总结项目管理实践的基础上，项目管理的理论体系逐步趋于完善，形成了独立的学术...  --发布到微刊《PMI（中国）项目管理世界》网页链接 ,3,2,0,,,,
46,3583984032068865,進擊的Stan,2013-05-31 11:44:03,一上午的接触让我对城管的看法有所改观阿，生动的被上了MBA课，整合营销课和软件工程项目管理课阿。果然**会学术，谁也挡不住阿。 ,1,6,0,,,,
46,3581580545103131,猪师兄大杂烩,2013-05-24 20:33:27,回复@cuckoosky_同传译员:To be the leading PM/SE-focused consulting and training center in Great China region by the year 2015.  在2015年前成为大中华区项目管理及系统工程领域首屈一指的顾问及人才培育中心。还有一句是CEO of great china region 考试回来再和你学术探讨下。,0,1,0,,,,
46,3581444171691827,中国环境科学学会-5A,2013-05-24 11:31:34,王玉庆理事长会见国际水协会（IWA）Glen T. Daigger主席一行。2013年5月16日下午，我会王玉庆理事长在京会见国际水协会（IWA）主席Glen T. Daigger，执行主席Ger Bergcamp等一行。双方就开展水环境领域的科学研究、学术交流、政策咨询、项目管理等合作等问题交换了意见。 ,2,0,1,,,,
46,3575679822511538,乱世小白菜,2013-05-08 13:46:04,需求分析与项目管理方法小结（正经学术篇）：我的上一份工作，遇到了一位非常好的总监。他是技术出身，在澳洲待了二十多年，受大老板之邀举家回上海共同创业。也许是因为国外的经历，加上他本身... 网页链接 （使用新浪长微博工具发布 网页链接） ,9,15,2,,,,
46,3569908639617564,中国BIM网,2013-04-22 15:33:28,#BIM国内新闻#【“智慧建造—基于BIM的项目管理之道”(第二期)研讨会顺利召开】 2013年4月19日，由《建筑时报》主办，上海鲁班企业管理咨询有限公司协办，同济大学经济与管理学院高层管理培训（EDP）中心提供学术支持的“智慧建造—基于BIM的项目管理之道”研讨会 @鲁班BIM团队 网页链接 ,1,1,0,,,,
47,3576107402384814,中山大学软件学院学生会,2013-05-09 18:05:09,#软院学术小贴士#《程序员/开发人员实际在用哪些工具》BestVendor在全球范围内采访了500名重要开发人员，在调查询问他们实际使用的工具后，制作了一张信息图，伯乐在线进行了部分编译。覆盖10个方面：Bug 追踪、数据库、开发框架、IDE、项目管理、存储、文本编辑器、版本控制……文网页链接 ,1,0,0,,,,
47,3567277145921293,北京大学企业总裁EMBA广东班,2013-04-15 09:16:50,向孙子学谋略。《孙子兵法》，是项目管理的第一本学术专著；谋定而 动。当前的竞争是从脖子以下的竞争到脖子以上的竞争；所以男女站到同一起跑线上，以前是体力的竞争，男人主宰；以前是一个成功的男人的背后，都有一群默默支持的女人，现在一个成功的女人背后也有一群老爷们儿。孙子兵法告诉你 ,0,0,0,,,,
47,3566814824828973,王东普-大东,2013-04-14 02:39:45,特质论作为较早出现的流派，至今影响深远且奠定了其他流派的研究方向。目前企业领导力学术调研大部分还是局限在领导特质及行为上。只不过随着管理学其他分支近几十年的高速发展，例如变革管理，战略创新，可持续发展研究以及专业性较强的项目管理，品牌管理，人力资源等等，为领导力研究注入了新的血液,0,2,0,,,,
47,3565511391009442,克拉拉努力改造早日释放,2013-04-10 12:20:22,今晚还蛮安静，适合读书[做鬼脸]前几天跟我妈聊天，我妈竟然震惊我还喜欢考古爱好是终身制的，虽然我为了生存学了会计做了项目管理成了大市侩，俺也不会放弃热爱考古两本中更喜欢蓝皮的牛津历史，相比更学术一些文盲很多字不识，读的较慢，脑中考古知识慢慢回来，觉得很开心 ,0,2,0,,,,
47,3565097505196435,寒江孤影HTB,2013-04-09 08:55:44,讲座海报内容：嵌入式行业及就业前景 讲座时间：2013.4.10星期三晚上七点 讲座地点：克立213 讲师：黄双全  中心校长/学术总监 福建鑫诺通讯-嵌入式大项目经理。 福建三元达-产品部经理。 福州卓跃教育-大学城分校校长。 具有10年的嵌入式软件开发和项目管理经验，资深嵌入式技术专家和项目管理专家， ,0,2,0,,,,
47,3563282046404198,你敢说我就敢不信,2013-04-04 08:41:44,科学越发地尖端，研究团队的分工越发要细致明确：鲁迅负责项目管理、结题报告和学术打假，余秋雨负责立项论证、经费申请和学术造假。,0,1,0,,,,
48,3549996466591262,武汉大学珞珈人翻译公司,2013-02-26 16:49:34,2012年12月20日下午，湖北大学MTI兼职导师、武汉珞珈人翻译有限公司董事长刘文高先生在湖北大学逸夫人文楼A栋2014学术报告厅进行了一场主题为“翻译业态和翻译项目管理”的精彩讲座。武汉市人民政府外事侨务办翁云根处长、江晓梅教授等，MTI任课教师以及外国语翻译专业硕士和本科生参加了这次讲座。 ,0,0,0,,,,
48,3547019451238778,转化医学网,2013-02-18 11:39:59,【 北京脑血管病临床医学研究中心揭牌 】北京脑血管病临床医学研究中心日前在北京天坛医院揭牌。中心结构包括临床研究方法学平台、北京脑血管病协同研究网络、研究支持部、临床研究数据库等，旨在打造一支集顶层设计、项目管理和运作、研究实施、质量控制等一体中国学术研究组织。网页链接 ,3,3,0,,,,
48,3541931361723869,MBA_Tony,2013-02-04 10:41:45,中心招生与公共关系部门将在这期间大部分时间还在上班。学生学术运作与项目管理因整年都经常周末上班，当中有不少个星期没有放假，这是她们能争取见见家人时间，希望她们好好休息，感谢年中无休的付出。,1,0,1,,,,
48,3540642103505823,AndrewGong先生,2013-01-31 21:18:42,在中国一元化的领导体系下，项目管理的协会化、实体化都有特殊性，这里的协会不是自律型、学术型、联络型的组织，而是管理型的组织。这样的组织结构是在国外没有的。——张剑对行业协会的观点 ,0,0,0,,,,
48,3537271292227336,格拉斯哥卡利多尼亚大学,2013-01-22 14:04:18,#GCU硕士课程#MSc International Project Management 国际项目管理硕士，在伦敦校区与格拉斯哥校区均有设置，为有建筑工程背景的学生提供高级商业管理的学术与实践课程。同时，此学位项目拥有英国皇家注册测量师协会(RICS)与英国注册建筑师协会(CIOB)双重认证，毕业生就业率稳居英国同类专业前列。 ,7,2,0,,,,
48,3536905184044606,欧美大地室内岩土事业部,2013-01-21 13:49:31,发表了博文 《英国GDS高压岩石三轴仪等仪器在第三届全国膨胀土学术研讨会展出》 -  海南省交通运输厅与交通部西部交通建设科技项目管理中心、长沙理工大学主办的第三届全国膨胀土学术研讨会于1月12日～1 网页链接 ,0,1,0,,,,
49,3536122766270102,iJoin社会创新咨询,2013-01-19 10:00:28,[iJoin开放日嘉宾介绍]iJoin上海总经理邓晓音，上海交大管理学硕士，曾任iJoin 2011年冬季项目经理，为一家小额信贷机构完成了新业务的设计与项目管理体系的构建。学术方面，专业关注信息素养教育，业余关注心理学、社会社工学、县域经济及农村社区发展；即将入职IBM咨询部，投身信息咨询/IT咨询。 ,2,1,1,,,,
49,3535106708901361,项目管理思维与Prince2,2013-01-16 14:43:01,【项目管理的学术地位】项目是人类社会管理领域的基本行为、也是管理学科的基本学科之一。  --发布到微刊《PMP小站》网页链接 ,1,0,0,,,,
49,3524204965791830,小眼睛的死胖子,2012-12-17 12:43:23,几天没去厚学，上午在那儿考试，才看到昨天在大图报告厅举办的2012年度学术报告会的展板。上面周公公侄孙的名字后写着教授，大一他教我们上课的时候好像还是副教授。教我们工程项目管理的那个姓佘的名字后面是副教授，他也是副教授啊 ,0,2,0,,,,
49,3517829942621518,复旦大学管理协会,2012-11-29 22:31:20,KPMG高管&amp;管院项目管理专家，现场对话时下最热话题项目管理、点评实际大学生项目案例，分享项目执行与治理的秘诀，教你成为最好的项目经理人！这样既实在又学术的讲座怎能错过！12月4日（周二）晚18：30@袁天凡报告厅，“立足当下，践行未来”2012管理论坛闭幕式，我们不见不散！ ,1,1,0,,,,
49,3516177449815543,重庆能源研究会,2012-11-25 09:04:54,国家发改委、财政部印发《中国清洁发展机制基金赠款项目管理办法》。赠款用于支持与应对气候变化相关的1. 政策研究和学术活动；2.国际合作活动，包括清洁发 展机制项目评审；3. 旨在加强应对气候变化能力建设的活动；4.旨在提高公众应对气候变化意识的宣传教育活动。5.其他。祥网页链接 ,2,1,0,,,,
49,3515458948726471,游佛UFO,2012-11-23 09:29:50,2003年回国后参加了几乎所有的全国性项目管理大会，体会到现在的会议报告越来越专业，礼节性广告式报告也来越少，问答研讨越来越深入，与会者水平也越来越高，而且PMRC大会学术性比较强，说明全国项目管理学术和应用水平都在进步，可喜可贺！,3,4,0,,,,
49,3513287750631713,项目管理者联盟,2012-11-17 09:42:17,"第十一届中国项目管理大会在中央财经大学学术会堂顺利召开。我在这里:#北京市,海淀区,学院南路# 我在:学院南路 ",2,0,0,,,,
50,3513285749802355,游佛UFO,2012-11-17 09:34:19,国际项目管理协会(IPMA)的中国国家会员-中国(双法)项目管理研究委员会(PMRC)-主办的全国第11届大会开幕了，PMRC大会自上届起回归PM学术(研究/教学/应用)，故到会300多人有很多年长的和学术同仁，与PMI(中国)大会参与者的年轻略有不同。开幕式后我将主持大会，下午则窜场2个分论坛 网页链接 ,2,3,0,,,,
50,3510453176708016,上海大学悉尼工商学院,2012-11-09 13:58:41,【悉商快讯•Rose-Hulman的董事Mike Thomas访问我院】11月6日至9日，Rose-Hulman的董事Mike Thomas应邀来访我院，进行为期一周的学术交流活动，内容包括学生培养、项目管理、产学研合作等。网页链接 ,0,0,0,,,,
50,3500235714654800,跨考考研集训营,2012-10-12 09:18:06,#招生信息#华中科技大学2013年共招收攻读硕士学位研究生共计6100名左右，其中，拟接受推荐免试生1500名左右（除工商管理硕士、公共管理硕士、工程管理硕士、教育硕士中的教育管理和工程硕士中的项目管理外，各学术型专业及专业学位领域均可接收推免生）。网页链接 ,6,6,0,,,,
50,3469472390703800,复旦-BI挪威MBA,2012-07-19 11:55:41,"#复旦-BI挪威MBA教授系列专访# Prof.Ralf Müller 专访一:'Move Mountains' Away through Project Governance 在加入学术界以前,Müller教授曾经在45个国家的大型企业、组织及政府从事项目管理工作，有着25年行业经验。看一看他认为项目无法达成预期的最主要问题是什么? 文章链接：网页链接 ",8,2,0,,,,
50,3458224185860967,中华小四哥,2012-06-18 10:59:18,项目管理主要学术网站_百度文库 网页链接 ,29,0,0,,,,
50,3436094076569307,游佛UFO,2012-04-18 09:22:10,在深圳诺富特酒店参加PMI组织的全球项目管理学位认证(GAC)推介会和工程管理硕士培养大纲学术研讨会，作为PM国际权威专业团体之一，其组织的非官方研讨，亦是对官方的一个有益补充，且研讨更国际化和深入。 ,5,9,0,,,,
51,3352164895154080,中国工控网,2011-08-30 18:57:34,【工控网友用户报道团走进第22届多国仪器仪表展】今天，第22届多国仪器仪表展学术会议暨展会在中国国际展览中心拉开帷幕。中国工控网组织最终用户、OEM、设计院所等各个领域的专业工程师、项目管理人员，具有代表性的参观了自动化行业优秀展商。网页链接 ,0,0,0,,,,
51,3349849559282719,天工远科项目管理软件,2011-08-24 09:37:15,项目管理理论与方法在全球范围内的广泛应用，已经为推动社会进步发挥了巨大作用。其理论方法虽然经过半个世纪的发展，但在学术界仍然不被认为是一个特有的学科。项目管理是一种实践还是一门学科的争论依然存在，这种争议和组织对项目管理的应用系统性与全面性不足有直接关系，大..网页链接 ,0,0,0,,,,
51,3344431092898540,戴斌_旅游,2011-08-09 10:46:12,公信：研究院公务联系方式－－办公室85166009，85166008负责对外联系及院长的公务差旅、来访接待工作；科研管理部85166003、85166018，负责项目管理、国际交流与院长的学术活动，学术推广部85166006、85166019，负责外宣、产业合作及院长的媒体采访。 ,7,6,0,,,,
