页码,微博id,微博作者,发布时间,微博内容,转发数,评论数,点赞数,发布于,ip属地_城市,ip属地_省份,ip属地_国家
2,4937123540502676,中国心理学家大会,2023-08-21 10:37:22,#十七届中国心理学家大会# 线上专场，西安交通大学人文社会科学学院副教授丁晓军围绕哲学咨询的兴起与发展，展开阐述了哲学咨询与哲学治疗两大概念。从哲学研究来看，大部分普通人只要对人生有困惑或沉思，都可以寻求哲学家的帮助。与心理学不同的是，哲学帮助的都是没有躯体化障碍的普通人，可以称之为来访的“思想医生”。丁晓军博士也为我们展示了哲学的不同模式在日常生活中的践行，有以对象人数的分类的个体“哲学咨询”，也有群体间导引及哲学工作坊和哲学咖啡馆。前者强调的是一对一对谈，后者强调的是有哲学家作为引导者，是一种人机交互和开放式的对话，秉承的是更加开放的学术精神和态度。丁晓军博士提及，其实哲学和心理学也有类似的地方，都可以帮助大家解决和面对问题，例如一些中年危机、家庭、生命终结、价值观等问题。她认为，哲学或许并不能快速直接解决大多数问题，但其所提供的慰藉功能是不容我们忽视的。中国叙事疗法奠基人李明教授则围绕哲学家和心理学不同时代的思想变迁，肯定了现代哲学家和心理学家的转变。他认为不管是哲学家还是心理学家，在过去都是更关注于自己的研究与发展，而忽略普罗大众的需求，就现代而言，心理学家和哲学家已经开始探索大众需求，并为他人解决难题。李明教授认为，从严格意义上来说，心理学是依附于哲学而生的，是哲学研究和沉思。从某种角度来说，人人都可以是心理学家和哲学家，每个人每天都会蹦出这样或那样的奇思妙想，这个时候哲学的思想定位就变得极为重要，因为哲学的出现，可以防止某些所谓的“哲学家”或“心理学家”将积累知识或想法成为智慧的障碍。由此看出，哲学存在的价值在于帮助人们更加严谨和沉浸地思考，强调的是探索路径的过程，而非结论。在当今移动互联网信息爆炸时代，观点太多，现代人知道的越来越多，思考却越来越少，由此而产生的虚空焦虑，导致大部分人心灵无所依托。李明教授表示，他希望有更多的人将中国哲学中让人能够安顿的观点传播和发扬出来，以此和心理学相结合，让无所依的人有所依有所想。最后，在主持人的访谈中，两位老师展开了激烈的谈论，从哲学、心理学以及日常生活应用方面深入剖析了不同学术领域对于大众的深远影响。,1,0,1,北京,北京,北京,中国
2,4923196396542981,里克曼Leekman,2023-07-14 00:15:52,我们生活在互联网时代。不知道从什么开始我就像海绵一样吸收网络各种信息我来着不拒，大脑大快朵颐，我的好奇心就像海绵一样。各种信息，词条，言论，概念，价值，观念。根本原因是我就是那种现实生活充满困惑的青少年。我只是想要得到一些像自然科学教科书那样让人镇定又客观答案。经过十多年的碰撞和沉淀。现在的我回顾过去，会有一个看法：互联网诞生几十年后的现在，大多数人都生活在前现代主义，现代主义和后现代主义混合的元素汤里。努力充实生活，做一直从这锅汤里爬出来的螃蟹。所以我羡慕你的生活。,0,0,0,河南,,河南,中国
2,4903170617378552,中科英才学术科研,2023-05-19 18:00:34,科学研究是一项系统性的活动，涉及许多专业术语和概念。对于初涉及科研的小白来说，这些术语可能会让人感到困惑和不知所措。  今天！英才君就来带你解析那些常见的科研名词！  科研 #研究生# 大学生 #期刊论文# #毕业论文#  中科英才｜常见科研名词解析手册 ,0,1,0,北京,北京,北京,中国
2,4898704677145554,海流鸣,2023-05-07 10:14:31,NO.1732科学是难解的哲学是晦涩的，可是总会有那么一把钥匙，出现在锁想打开的那刻，巧合得让人莫衷一是。我也产生出新的困惑，到底有没有神秘的力量，在一直主宰着繁盛与衰落，把世间的万物玩于股掌之上。便不停地问什么是冥冥之中，轮回的概念是否凭空捏造，神仙们可来无影去无踪，欲只让凡人产生苦恼。虽然知道我若一思考，就会有人忍不住地发笑。 沧州,0,2,4,河北,沧州,河北,中国
2,4836727796271159,倪明辉,2022-11-17 09:40:31,每年11月17日都是世界早产日，回想11年前孩子出生的那一刻，很多场景历历在目，如何才能让更多的早产儿家庭不再焦虑和困惑，如何才能让每一位父母都能轻松养育，为此我们奋斗了十年时间，大量的科普宣教、专家互动、院内合作，就希望能把科学养育及正确早期干预的概念传播给大家。今年的早产日主题是“提倡肌肤接触，促进早产儿健康发展”，祝愿每一位早产儿能可以健康发展，快乐成长。#早到的精彩##被小朋友努力追赶的样子戳到了#,1,2,3,上海,上海,上海,中国
2,4836404263650575,沈嘉柯,2022-11-16 12:14:54,一直很困惑，时空伴随这概念到底有什么科学依据？问了不少人没问出所以然。果然，这名词就是个有问题的加码搞法。,0,2,8,湖北,武汉,湖北,中国
2,4823183955331417,MangyPoodle,2022-10-11 00:42:08,什么是梦想，可能很多人都有这个问题给自己。我也问自己 小时候开始梦想这个概念环绕着我，科学家，长大之后想医生警察，我还是困惑我的梦想就是什么 经历了很多现实的磨难，我想来想去在今天我才明白，我的梦想是给dy做狗 ,1,2,0,山东,威海,山东,中国
2,4813117517726383,奥派经济学读书群,2022-09-13 06:01:42,社会科学在以概念的严密来力求明确定义的和可证明的体系这一意义上说，它是精确的。争论是否应该在社会学，特别是经济学中用数学形式来表述是无聊的。包括经济学在内的社会学所有分支中所遇到的问题都呈现出这样的极度的困难：在许多人眼中，甚至最令人困惑的数学问题都具有较易于具体化的优点。 ,0,0,2,辽宁,沈阳,辽宁,中国
2,4793674280469195,生态浦东,2022-07-21 14:21:13,【2022浦东辐射安全宣传有奖竞答开启！快来参加吧~】随着基础科学的普及以及网络信息交流的迅速发展，人们越来越多地接触到“辐射”这一概念。然而，在互联网上流传的不少有关辐射的科普，在讲解之前往往并没有将辐射的概念理清，给读者造成了较大的误解或困惑，因为缺乏对辐射的了解对辐射充满恐惧，谈“辐”色变，甚至一些关于辐射的谣言甚嚣尘上，一些关于辐射的营销陷阱屡见不鲜。用科学武装辐射“反诈”力量，就看这篇！扫描二维码进入知识竞赛，看完科普参加知识竞赛胜算更高哦~,0,0,0,,上海,上海,中国
3,4785749695662197,用户5165542510,2022-06-29 17:31:45,从昨天到今天我又困惑了。昨晚看了台大校长李嗣涔的一段话，他说杨定一博士，在十年前就提出了一个科学上的词叫绕场，他在十年后才明白了这个概念，他说杨定一博士绝顶聪明。由此我联想到连台大校长李嗣涔都佩服的人，我听不懂他的话又有什么难理解的呢？对杨定一博士我绝对信任，他既有名又有利，他不需要哗众取宠来糊弄大家，他讲的法我不懂只能是我智慧太浅。一次不懂，就再看，多看，慢慢也会懂一点的。他总讲一句没有方法的方法，我想他所说的也就是佛所讲的，几十年他没说过一句经，只因众生愚钝，他勉为其难的讲打坐，讲完了又说打坐也没有用，搞得人糊里糊涂，到底该怎么做呀？我想他是让大家去悟。这次宝珠师兄去参加共修，据说开悟了，由此我想起了叶曼老师，南怀瑾老师，南怀瑾老师的弟子张尚德，还有虚云和尚，广欽老和尚等好像都是在禅七时开的悟，我在想是不是密集的禅修能让人放下万缘，只考虑一件事就容易开悟呢？杨定一博士也讲，气脉修成了还会坏，随着年老体衰，气脉也会再堵上，记得广欽老和尚在老年时只念佛号，南怀瑾老师去拜访他时问过他现在还能入定吗？他说弘法忙，其实可能是年老气力跟不上了。究竟该怎么修呢？,0,1,4,北京,,北京,中国
3,4782728928563538,佛山一中图书馆,2022-06-21 09:28:18,书名：从惊奇开始——青少年哲学第一课 作 者：刘擎等 索书号：B-49/177 本书邀请八位高校哲学系教师担任主讲人，围绕自我、生命、幸福、爱、心灵、科学等经典哲学问题，以情景化的方式，结合日常生活中的例子，将抽象的哲学概念化为生动的讲述，去回应青少年存在的困惑，开启他们的探究与发问之旅。 ,0,0,0,广东,佛山,广东,中国
3,4779128782589826,Monica马玲,2022-06-11 11:02:36,❤️《自卑与超越》14/21        梦是人类心灵的一种很平常的活动。每一个人都会做梦，但是很少有人真正了解梦。多数人都对梦的意义感到困惑不解，对自己为什么会做梦，梦到了什么等，仍然没有什么概念。据我所知，只有两种解释梦的理论是容易理解且合乎科学的，即弗洛伊德学派和个体心理学派。其中个体心理学对梦的解释是完全合乎常识的，古代所有关于梦的解释中，一直认为梦和人们的未来有着某种特殊关系。人们认为梦中有一些灵异的神灵，它们会影响人们未来的生活。在困难时，他们会借用梦来指点迷津。古希腊人或古埃及人还会去庙里参拜，希望神明能托梦给他们，指点他们的生活，他们还会将梦作为一种治疗身体和心灵上的疾病的方法。美洲的印第安人以斋戒、沐浴、行圣礼等方法将他们的梦引出来，然后再用梦指导生活。在《旧约》中，梦也被视为对未来事情的预测。在当下，依旧有很多人坚信梦中的事情都会在现实中发生。他们相信梦中的自己是预言家，而梦会带他们走进未来的世界并预测即将发生的事情。     从科学的角度来看，这种观点毫无根据。人们在梦中的预测能力远不及人们清醒时候的预测能力，从我开始研究梦的时候就已经认识到了。梦境中的人的思维并没有清醒时理智，甚至更加混乱和难以理解。但是，我们也发现，梦境在一定程度上确实和未来有一些关系。     我们说过，人们曾把梦看成是解决问题的一种方法。也就是说，人们是为了获得梦对未来道路的指引才做梦的。但这并不是说梦有预见未来的功能。我们还是需要自己去思考如何解决问题。很显然，梦中的任何方法都不如我们清醒时候认真思考整个情境所获得的方法更好。     2 弗洛伊德学派与梦     弗洛伊德学派认为梦是可以科学地进行解释的，然而他的解释却超出了科学的范畴。比如，他假设人们在白天和夜晚的心灵活动是不同的，他们所遵循的规律也是有差异的，认为“意识”和“潜意识”是互相对立的，而梦所遵循的规律则与白天的思维规律完全不同。由这些观点我们看不出有什么科学性的依据。     原始人和古代哲学家的思想体系中，总是将一些概念区分开来，认为两种概念是完全对立的，比如他们认为男女、冷热、左右、轻重、强弱等是相互矛盾的概念。尤其是在神经官能症患者心中，这种对立的二元意识更为明显。但从科学的角度讲，它们是可以互相转化的，并非是对立的。他们就像是尺子上的刻度，只是按照相对的位置进行排列，表示事物某种特性的不同程度。同理，好和坏、正常与不正常也都不是互相对立的概念，而是同一事物的变异。因此，把睡眠和清醒状态、白天的思维和梦中的思维当成是完全对立的这种理论也是不科学的。     弗洛伊德学派的另一个观点是将梦的产生归因于性。这种观点也将梦从人类正常活动中分离出来。依照这种观点来说，梦就不能体现出一个人的全部人格，它只是人格的一部分。弗洛伊德也发现在梦中还有一种求死的潜意识的欲望，也就是说这种观点并不能完全解释梦境。弗洛伊德学派解释梦的名字都过于隐晦，不过，也有一些值得我们借鉴的观点。比如，梦所代表的内在含义比梦的内容更重要。在个体心理学中，我们也有类似的观点。弗洛伊德忽视了科学心理学的前提——认清人格的一贯性及个体各种表现的一致性。,0,0,0,浙江,杭州,浙江,中国
3,4745599939250019,静静幸福DNA曼陀罗,2022-03-10 22:30:57,梦是人类心灵的一种很平常的活动。每一个人都会做梦，但是很少有人真正了解梦。多数人都对梦的意义感到困惑不解，对自己为什么会做梦，梦到了什么等，任然没有什么概念。据我所知，只有两种解释梦的理论是容易理解且合乎科学的，即弗洛伊德学派和个体心理学派。 静静幸福DNA曼陀罗的微博视频 ,0,0,0,,,,
3,4745115623231610,爱吃甜品的爆爆,2022-03-09 14:26:27,全世界都在右转，这些政客真的好喜欢拿自己的观念去挑战科学权威。孩子从2岁起就会有sex这个概念。这些政客不允许三年级以前的学生了解gender identify，那当孩子对自己的gender有困惑怎么办呢？如果孩子的父母是trans或者同呢？求求这些政客别老拿lgbt问题开刀了，把权力下放给专家教育课题组好吗,0,0,0,,,,
3,4727858499423552,硬核读书会,2022-01-20 23:32:48,“遂古之初，谁传道之？上下未形，何由考之？”这是屈原在两千年前对于宇宙的困惑。科学革命以来，人类从自身的生活世界出发，借助数学、科学与技术，进军宇宙奥秘，几百年来，我们为此付出了许多努力，但即便如此，屈原之问仍然没有得到确切的解答。最近一段时间，我们正在被“元宇宙”概念狂轰滥炸。著名科幻作家刘慈欣曾说“人类的未来，要么是走向星际文明，要么就是常年沉迷在VR的虚拟世界中。如果人类走向太空文明以前就实现了高度逼真的VR世界，这将是一场灾难。”除去元宇宙在商业与产业上的可能性，在这波概念热潮之中，冠以宇宙之名的虚拟世界，似乎与“星辰大海”所象征的进取精神背道而驰了。在游戏迷那里，它是对于虚拟世界的正名。在商人那里，它被当成产业革命的良机，野心勃勃的语调背后是经济秩序的延续。而对于普通人而言，一个互通互联的虚拟世界究竟意味着什么则极少被讨论。科幻作家陈楸帆认为，科幻本身是最大的现实主义，弃现实于不顾的虚拟世界与星际蓝图都不可取。本期#硬核读书会fm# ，我们邀请到他，回到人本身，拆解这个已经略显花哨的科技概念。科技与科幻，都不该逃避现实 | 陈楸帆,1,0,1,,,,
3,4705317940628849,完达山丘比特,2021-11-19 18:44:40,在《词与物》中，福柯提供了一个类似的对于现代社会科学的分析。他认为，所有的社会科学知识都奠基在一个特定的、关于人类实在的概念之上，即“人”（man）这一概念之上。人被定义为这样的一个实体，客体的表象为他而存在。在这样一个意义上断言人的实在，就是假定了一个具有令人困惑的双重身份的存在——既是一个世界上的客体，又是一个世界通过其才得以建构的经验主体。现代思想同样将此一人的概念，明确地当作这样的人类实在，但福柯认为，它只是这种实在的一个偶然建构，并将很快消失不见。《词与物》可以被大致解读为一种对现代“人”的概念的历史性批判。首先，福柯试图通过指出这个概念在之前的古典时代没有地位，来展开自己的讨论。古典时代简单地通过表象来鉴定思想；思考某些东西也只是把它表现成一张关于属、种的表格中的某一项。但这就意味着，不可能存在关于表象自身的古典思想。思考表象就需要表现它，这反过来需要将它归到各类思想表格中的某一种中去。但这是不可能的，因为表象被认为是与思想相同的。因此，古典时代不可能思考表象，因此也不可能形成关于“人”的概念，因为这个概念就是依照表象被定义的。在这个意义上，“人”在古典时代是不存在的。这一概念，福柯指出，只是在18世纪末，当康德第一次将表象仅仅当作思想的一种形式，并试图寻找使其可能的条件时，才出现。剑桥福柯研究指南p13-14,0,0,0,,,,
4,4691108451585908,Catalyst_,2021-10-11 13:41:14,上午给编辑部寄杂志，W老师和我聊起选题和研究，虽然不做计算传播学，但就像他说的，无论是质化量化还是计算，背后其实同一套科学思维。具体到我最近正在面临的困惑，骑车时想到一个比喻，概念就像星星，创造概念或许有灵光，但远方的星星与我何干？流浪的星星需要定位，需要与其他星体发生关联，需要make sense而不能只是存在，当我有了一个星星，我其实需要的是一个星座，当我有了一个星座，我需要的其实是其他十一星座相互制造区别、关联、体系，以及最重要的，意义。,0,1,3,,,,
4,4679569355312161,中国文化遗产杂志,2021-09-09 17:28:59,李宏松：关于石窟寺保护的几点思考从全国石窟寺保护情况调查工作中反馈的问题，及当下石窟寺保护中从业者面临的困惑看，目前石窟寺保护面临的许多问题不仅仅是简单的自然科学和工程问题，故首先应跳出物质层面保护的小概念，从文化保护与传承的角度入手，研究保护对象的特点和保护意义。从石窟寺的认定、保护定位及原则、石窟寺保护中的科学问题和关键技术四个方面思考石窟寺的保护问题，或可为下阶段我国石窟寺保护规划编制提供借鉴。,0,0,0,,,,
4,4654223049885386,琉漪想静静,2021-07-01 18:51:49,一些胡言亂語前幾天我半開玩笑地對前室友姊姊說我其實很唯物主義。她不置可否回答說，她不認為唯物主義不好，人是應該相信科學進步的力量，但與此同時世界上還有很多科學難以解釋的東西，人會對它們感到困惑和迷惘，而那些非科學的、或者說超自然的概念，面對科學無法解決的問題時，在心理層面上一定程度地為人們提供了解釋和指引，即使真偽無從得知。不知道是不是文科人和理科人的差異，確實她一向比我更相信那些超自然的存在。我呢……下意識地會與那些難以用物質基礎和科學理論佐證的東西保持距離，並不是因為厭惡或鄙夷，反倒是因為保持了一絲猶疑和敬畏之心。如果說有理有據的事實給予我安定感以及能夠剖析它的信心，那麼那些由人的精神或想像而生的事物，它們無法用科學證實也無法證偽，這種不確定感令我不安，而且我不喜歡把意念和未來寄託在虛無縹緲無形的東西上，所以比起“相信”或“否定”，我選擇遠離。有些矛盾的……之所以是半開玩笑，因為我也不是很徹底的唯物派，80%吧不能再多了）,0,2,0,,,,
4,4643346050449884,echo把小猫藏好,2021-06-01 18:30:29,呜呜 没开展去拍照片算偷跑吗p2p3俺其实有点困惑💦💦如果他接下来十八天都原封不动摆在那里，任由虫子吞吃的话比起一件艺术品就更像是科学实验，观察食物发烂腐烂之类，不过作者的概念视频没有开，我也不好妄加评论些什么雕塑系的作品精彩的太多了!!妈的!这样的话美术馆的得牛成啥样啊俺斯哈斯哈,0,5,5,,,,
5,4556051087368199,不见琼楼,2020-10-03 21:11:29,有人讨论爱因斯坦的相对论是否是科学，有人讨论中医是否是科学，根据我对这两种东西的极其极其浅薄的认知，有时候会让我觉得这两种情况从逻辑概念上讲是如此的相似。也许就是量子与精气这两个究极物质带给人的困惑吧，只不过一个建立在多年的科学经验上用理智的逻辑讲述，而另一个则是在“蒙昧”时就萌芽，用更“浪漫”的逻辑来讲述。都太大了，也都太小了。            ，，，啊，我在胡乱讲些什么。,0,0,2,,,,
5,4549731130546129,中国大学MOOC,2020-09-16 10:38:14,#这里有好课# 时光匆匆，转眼已是秋天。此刻，你是否正忙于浏览网上的海量美妆视频，寻找秋季护肤秘籍和美妆诀窍，却被良莠不齐的产品推荐和真假难辨的美妆科普搞得眼花缭乱，困惑不解？来中国大学MOOC学习《化妆品赏析与应用》，跟着@四川大学  @医美皮肤李利教授 老师一起，学习如何科学护肤，健康变美，展现健康时尚的精神风貌与情趣。完整课程链接，戳 网页链接  中国大学MOOC的微博视频,11,3,6,,,,
5,4546451621806137,邓如山,2020-09-07 09:26:37,（原）什么是美？在所有事物的定义中，美的概念定义最令人困惑不解。可以从科学哲学的原理体系给出一个关于美的定义：美是一种精神化的情感艺术或情感化的精神艺木。客观事物只是美的载体，只有人的精神和情感才是美和艺术的源泉。美有主观性和客观性的双重属性，美的双重性符合科学哲学的互补原理或交融原理。美的载体表明了美的客观性，美的源泉表明了美的主观性。美是人的社会性的夲质之一，在未来人和机器人“和平共处”的世界，机器人仅是人工智能的产物，而人除了“智人”的自然特性，还在文化传承和美育过程中获得了审美和艺术表现的能力。认识的主客观双重性说明了，主观性和客观性符合科学哲学认识论等效性的转换原理或转换性的等效原理，而美感的主客观双重性说明了，主观性和客观性符合科学哲学艺术论等效性的转换原理或转换性旳等效原理。哲学和科学解决了人的认识实践问题，而美学和艺术解决了人的艺术实践问题，以双因素理论审视，人类面临认识和艺术的两大实践问题，人们实际上生活在“两个世界”中，一个是科学和哲学的“实体世界”，它倾向于一个没有浪漫情怀的客观世界；一个是美和艺术的“虚拟世界”，它倾向于一个有浪漫情怀的主观世界。在网络和大众文化的宣讲中，做人首先要做一个道德完善的人，尊老爱幼，尊纪守法等，在道德底线的层面之上，做人要做尽可能学会科学认识和艺术欣赏的人。#考上清华的工地少年获奖5万#,0,0,2,,,,
5,4545463082031438,starrysxky,2020-09-04 15:58:32,看了一些解析，总于有点搞明白了，本质上还是常规的用时间机器回到过去，不过套用了熵减，逆行的概念，让时间旅行有了一些科学依据。真正让我感到困惑的是毁灭世界的动机，破坏环境??杀死过去的自己??无法接受..而且人物塑造有些太简单了，很难共情.. ,0,1,1,,,,
6,4541751769968388,金卉,2020-08-25 10:11:06,今天分享《真实是什么》孩子们迟早会面对一些常见但是抽象的概念，比如说“什么是爱？”、“什么是美？”、“什么是正确”等等，对父母来说，要给孩子解释这些概念是一件非常头疼的事。“我似乎知道它是什么，但是真的说不明白”，这是经常会有的困惑。哲学通常是让人敬而远之的科学。而这套《孩子你在想什么：15堂极简哲学课》是一套让父母和孩子一起学哲学的书，它不仅极简，而且生动，还有漂亮的插图，阅读起来毫无障碍。不知不觉间，我对向孩子解释人生困惑有了更多的把握。这套书，强烈建议父母先读，然后再和孩子一起读。说起来，培养孩子正确的价值观和人生观，难道不是父母的终极任务吗？这个任务，是可以完成的。#柚书房#,0,0,0,,,,
6,4533922459821819,遇见程新奎,2020-08-03 19:40:13,浙江满分作文第一眼看令人好奇，第二眼看令人称奇，第三眼看令人困惑！困惑一：为何需要引用如此多经典作家？困惑二：为何使用如此多生僻字？困惑三：为何要让主题淹没于如此多“大概念”之中？不知此篇文章在哲学和社会科学专家读来是何种感受？反正我是有一点“窒息”。 ,0,0,0,,,,
6,4506615079159279,江潮sy,2020-05-20 11:10:26,  熵是最真实的科学概念，但是很少有人真正理解它。熵的概念可能非常令人困惑——部分是因为实际上存在不同的类型。匈牙利数学家约翰·冯·诺伊曼（John von Neumann）对此表示遗憾：“在讨论中使用‘熵’一词的人总是赢家，因为没人知道熵的真正含义，因此在辩论中总是有优势。 ,0,0,0,,,,
6,4490856121842236,一梦揽星辰,2020-04-06 23:29:58,一般来说，更多科学家倾向是蛋。“先有鸡”还是“先有蛋”？这是一个古老的问题，古希腊的哲学家们对此尤感兴趣。亚里士多德就对这个问题感到困惑，他最终得出结论认为无论是鸡还是蛋，这两者都必然是一直存在着的。亚里士多德的论证有一个先天的设定，就是存在一种叫作“鸡”的概念，这个概念是永恒不变的，任何东西要么是鸡，要么不是鸡。以此出发，当然不可能有最初的鸡或者最初的蛋，二者一定是永恒的循环。一般来说，更多科学家倾向是蛋。如诺丁汉大学基因学专家布鲁克菲尔德教授说，动物出生之后，体内的基因物质一辈子都不会改变，动物的基因如果要转变，只有在胚胎阶段才有可能。 你觉得是先有鸡还是先有蛋呢？,0,0,0,,,,
6,4488126737324394,jasminezxj,2020-03-30 10:44:22,廓清育儿困惑，不被纷扰的流行概念裹挟，真正科学育儿，与孩子共同成长『招生(3) 2020《从心理解孩子》春季招生说明』招生(3) 2020《从心理解孩子》春季招生说明 ,0,0,0,,,,
6,4482698825384357,明天起就开始好好做人,2020-03-15 11:15:46,我觉得蛮有意思，有一个概念就可以称为“科学”，然后开始觉得自生自灭是科学的，新冠又不是流感，肺白化看不到的吗，我对于直接放弃抵抗的国家性行为表示困惑，对赞同这种行为的发言更表示极大的困惑，到底在想啥…,0,0,0,,,,
6,4480556727100794,苏杭ART,2020-03-09 13:23:51,彭富春｜技术世界的最后剩余物（庄子与海德格尔对“物”的思考差异）关于“技术”这个概念，引起很多误解，“技术”“科学”在我所有视频里的语境并非日常使用的语境，而属于哲学领域，我给感到困惑的同学找了篇文章，有动力的可以慢慢啃，看不懂的话可以知乎搜关键词“海德格尔，技术”，应该能找到很多大牛的讲解的。这是一个重大主题，弄清楚有助于理解当代艺术本质。我把一些文章截图放这里，里面重点我画了线。,1,0,3,,,,
7,4457742229825179,图灵新知,2020-01-06 14:27:11,#新知荐书# 一本探索无穷世界的趣书！以无穷为基点，讲述数学、物理和天文学三大学科的精髓“乔治•勒梅特天文学奖”获得者卢米涅与法兰西学术院莫隆大奖获得者拉雪茨‐雷联袂创作《从无穷开始：科学的困惑与疆界》以生动的语言讲述了“无穷”的概念对科学研究和人类思想的重要推动作用，探讨了“无穷”在物理学、数学和天文学三大领域中的深刻意义，在大到浩瀚宇宙、小到微观量子世界中，展现“无穷”带给人类的乐趣、困惑和无限启迪。本书试读：网页链接购买：网页链接作者简介：让‐皮埃尔•卢米涅 / Jean-Pierre Luminet世界知名天体物理学家和黑洞专家，“乔治•勒梅特天文学奖”获得者，现任法国国家科学研究院下属巴黎默顿天文台宇宙理论研究部主任，从事相对论天体物理学和宇宙学研究，曾提出“褶皱宇宙”的理论。作者同时还是一位作家和诗人，曾荣获法国艺术及文学勋章军官勋位。其著名天文学科普著作《黑洞与暗能量：宇宙的命运交响》一书荣获“欧洲科学传播奖”。马克•拉雪茨‐雷 / Marc Lachièze-Rey法国国际科学研究中心天体物理学家和理论天文学家，主要研究宇宙拓扑学与暗物质。撰写多部畅销科普著作，曾荣获法兰西学术院“莫隆大奖”。,6,0,5,,,,
7,4436382057299827,动历史,2019-11-08 15:49:28,感觉用上DNA检测技术后，此类问题没有变得更清晰，反而让人更困惑了。比如这种检测科学对Y染色体的看重，似乎更加证实了男性后代的重要性，而忽略了人的基因父母各有一半的事实。所以我觉得「后代」这种概念更多的是文化意义，而非生物意义…,12,8,29,,,,
7,4403781720356548,淯水河事,2019-08-10 16:47:23,近期被一种现象困惑，始终无法参透。（备注：本文真理定义是被认同的观点和见解，此真理非科学真理概念，而是纯社会概念探讨）管理学：个人、组织、合作（cooperation、stake-holder）社会学：个体、群体、社会叫法不同，但是困惑的核心点却差不多：什么是真理（what）？真理掌握在谁手里（who）？怎么看待对待呢（how）？第一个问题：在此不辩论什么是放之四海而皆准的真理！而是被认定为真理的并得到群体认同执行的是不是就是最对的那个真理？想来想去，不是，而且大概率的不是！为什么呢？真理或者公理，每个人或者群体的观点和看法是截然不同的，利益的出发点也是不同的，从不同的人看来，真理不仅不同甚至相反！而每个人都会宣称自己掌握的是真理，其他人的都是不对或偏颇的！有人会说，公道自在人心，对错有公论！而从社会发展的历程来看，我们所说的社会公理，很大可能用来描绘而未得以实行，社会的运行模式还是在自说自话。第二个问题：既然谁都坚持自己是对的，那么谁掌握真理呢？想来没有人掌握真理，真正关键的是谁的真理得到了群体或社会的认可并实践，这种被既成事实的就自然变成了“真理”！第三个问题： 大圆圈—社会三个内圆圈—群体或组织（群体内被认同是第一步）红线及红色圈—博弈的过程或结果winner—真理产生,0,0,1,,,,
7,4395964641126193,聒噪小狗er,2019-07-20 03:05:06,今天的困惑是:一方面佛道的一些原始概念能够和结构主义精神分析无缝衔接，一方面世俗信仰又好像是特具象化的…那我说我信仰拉康听起来就比信仰如来科学主义得多，但究其本质理解成一码事也不过分啊? ,0,0,2,,,,
7,4347268871914235,荒野气象,2019-03-07 18:05:30,🔺 《世界观》🎁 #读者福利#如果你对哲学和科学史感兴趣，却困惑于它们错综复杂的体系，始终难以入门，那这本《世界观》或许会帮助你打开新世界的大门。本书作者是美国费尔菲尔德大学教授理查德 · 德威特，他擅长以简洁生动的语言将抽象的概念一一拆分，把复杂高深的理论转化为平易近人的见解。在书中，他介绍了哲学与科学的根本问题，如可证伪性、归纳和推理；同时，他梳理了从亚里士多德时代到牛顿再到如今认知体系变迁，和近代以来科学理论的发展带给人们世界观的冲击。当信息爆炸、知识焦虑无处不在，每个人都执着于了解更多、学习更多，可或许我们并不曾把注意力放在最根本的东西上。什么是真理？什么又是概念性事实？当我们认真思考这些日常伴随我们思维的基础命题时，才会发现原来它们并没有那么简单。为了感谢各位一直以来对荒野气象台的支持与陪伴，我们将抽取 5 名读者，每人送出一本《世界观》，活动方式如下：1、关注@荒野气象台2、转发本条微博3、抽奖时间：2019 年 3 月 10 日 晚 10:00出版时间：2018 年 11 月（机械工业出版社）#带一本书去旅行#,88,56,59,,,,
8,4280882574066893,赖友炯,2018-09-05 13:30:03,【书城荐书】站在人类认知发展的前端回望《哲学·科学·常识》@中信出版社 作者陈嘉映观照的问题，很多是我们在求知之路上自然困惑的。什么样的科学概念，才有颠覆观念、引发变革的力量？引力波、暗物质“在理论上存在”和“在现实中存在”有什么不同？这都是十分关切的话题。它将打破世人对于哲学专著的成见,0,0,0,,,,
8,4279763759055259,小学生笃笃,2018-09-02 11:24:18,讲说明文先模糊了事理和事物，窃以为不取。用边城中人性的描写作为例子，举例说明文常用结构和说明顺序：从抽象到具体，似乎不妥。把举例子和分类别这么明确的两种方法作为混淆的重点说明，令人困惑。整节课都在挑战我本来清晰的概念。无论什么文字，语言应该准确。至于说明文，严谨科学和生动形象不矛盾，不致于要分类对立。一半的时间做题...下次要带本书打发时间。,0,0,0,,,,
8,4249999074042927,新京报书评周刊,2018-06-12 08:10:03,【每日新书 | 启蒙运动】绵延了整个18世纪的启蒙运动至今日仍影响着欧洲甚至整个世界。但与此同时，“启蒙”这一概念的内涵却也模糊不清，时常令人难以捉摸、困惑重重。罗伊·波特是研究启蒙运动的大家，在这本书里，他并未将精力放在面面俱到的阐述上，而是选取人的科学、启蒙运动的政治、理性改革宗教、启蒙运动的遗产等几个重要侧面，去思考这场复杂庞大的运动。,6,1,4,,,,
8,4235148948310502,用户6363205676,2018-05-02 08:40:57,日本在线经纪公司、Coincheck的收购者Monex Group的首席执行官Oki Matsumoto发表言论称：1980年时，衍生品的概念是令人困惑的，当时只有类似火箭科学家层次的人才能理解，监管机构也很讨厌衍生品。但不久之后，监管机构...  网页链接 ,0,0,0,,,,
8,4227624256970486,山冈龙吾道人,2018-04-11 14:20:31,"即使科学是一种上瘾的毒药，但是也是唯一的解救我们心灵困惑的唯一方法，科技需要爆发，科学需要升级，只有科学的新空间被打开之后，才能更好的解释我们内心的困惑。而要解释这一切,那么就需要我们对世界进行一轮重新的认识,重新认知科学,重新认知鬼神,重新认知世界组成的一切概念，用新的概念包容以前",5,0,0,,,,
9,4226533788599327,图灵新知,2018-04-08 14:07:23,#新书预售# 这是一本探索无穷世界的书，以无穷为基点，讲述数学、物理和天文学三大学科的精髓！《从无穷开始：科学的困惑与疆界》以生动的语言讲述了“无穷”的概念对科学研究和人类思想的重要推动作用，探讨了“无穷”在物理学、数学和天文学三大领域中的深刻意义，在大到浩瀚宇宙、小到微观量子世界中，展现“无穷”带给人类的乐趣、困惑和无限启迪。本书已在@图灵社区 预售：网页链接,16,2,16,,,,
9,4224493540736903,陆沉每天都在倒追,2018-04-02 23:00:10,#科学早知道#【量子纠缠究竟是怎么回事？】爱因斯坦说，什么都不能超光速。有人说，量子纠缠可以，而且是量子信息和量子计算的基础。雷奕安博主说，量子纠缠也不可以，你们用错理论了。量子纠缠，或者反映为量子态的非局域性，是量子力学最难理解的一个概念之一。世界上最伟大的科学家也会感觉困惑不解。爱因斯坦就把它叫做“超距怪作用(spooky action at a distance)”。因为它无法理解，爱因斯坦认为量子力学有问题，不完备，并与合作者写了一篇历史上最有名的文章之一，证明量子力学的描述方式是不完备的。量子力学的奠基人之一，薛定谔，也有同感，并首先使用了“纠缠（entanglement）”一词。 量子纠缠究竟是怎么回事？,0,0,0,,,,
9,4217797887751994,陈强217,2018-03-15 11:34:03,"【感悟】《浮力》一课教学感悟:浮力的知识综合性强，许多学生陷入到困惑之中。特别是如何测量浮力的大小。小学的科学教学仪器设备不足以支持学生在课堂上有效的测量出各种物体在水中受到的浮力大小。因此,我将本课重点放在浮力的概念上，并利用阿基米德如何找到皇冠中的秘密,让学生了解了阿基米德的原理,并利用阿基米德来解决学生生活中的很多困惑。学生还是能够通过生活中的现象了了解浮力的原理。",0,0,1,,,,
9,4210402109492337,这事儿成了,2018-02-23 01:45:51,回复@ibuick:我理解你的困惑。中医里的“温补，燥热，凉血，气元”这些概念性的词汇你觉得不够严谨。对吧。想想，那是什么年代的词语，在人类科学还没有系统化之前就出现的实验和判断的结果。古人无法用现代科学的度量衡去标准化。就如同，今天的区块链技术的普遍总结，“其去中心化”。我就问问，这他妈又是个啥,0,1,0,,,,
9,4195292276122467,喜马拉雅瑜伽禅修AHYMSIN,2018-01-12 09:04:46,"瑜伽是一门让心有香味的科学, 来看Swami Veda 斯瓦米韦达和学生的问与答....学生问: 我很困惑是否真的有神呢？我不太能接受「转世」的概念，是否有其它的外力在安排这件事？斯瓦米韦达: 纯粹从静坐的角度来看，你毋须在乎是否有神，因为静坐跟神是扯不上关系的。我们刚刚说的有神论或无神论，只不过是一个有趣的故事，但你在静坐时不需要考虑这个问题。至于是否真有转世，或究竟是谁安排了这件事，如说它是靠外力安排的，这是一种观点，但从我们的观念看来，转世完全是自己的行为所招致的后果。「业」与「转世」是一个大哉问，可单独作为一堂主题课程来讨论，现在无法讲得很清楚。但你要牢记一个观念，你的意志是投胎转世的肇因，所谓的「业」即是「行为」（karma），行为完全受你的意志所影响。一旦你做出行为，就是埋下一粒种子，这粒种子必然会成长。但从现在开始，你升起什么样的意志，就会决定下一粒是怎样的种子。你的下一粒种子完全受到下一个行为的影响，而你已植下的种子，它们自然会依照你栽种它们的方式，结出果实。若你种的是苹果的种子，得到的就是苹果；若你种的是有毒夹竹桃的种子，生出来的就会是有毒的夹竹桃。但处在当下，你接下来会采取怎样的作为呢？你不喜欢夹竹桃吗？那好办，为什么不去种苹果呢？你可以改变原本行为的方向和方式。你想知道下一世会有什么遭遇吗？很简单，只要看你这一世是什么样的人就知道了。你可以自问：我这辈子所培养出来的所有心念加总起来，所呈现的形貌如何？我这辈子说过的所有言语、字句，有多少是有用的，是对人有利的，是善良的？由此，你才能开始留意自己的言行举止。你会注意到，这辈子累积起来，对人做过的行为总和是怎样的？曾经说过的话语，整体看来是如何的？将一切加总起来，就能决定你下一步的处境。若你这一世正处于一个中间阶段，虽已到了三十岁左右，你依然有机会改变这世言行的加总，譬如决定从这一刻开始，只说建设性的言语，便是根据意志来改变人生方向。",0,0,0,,,,
9,4191507646870577,爱平的鹿,2018-01-01 22:26:00,东野圭吾的书总是看了让人欲罢不能，互换灵魂的概念早已有之，但是是不是双重人格，还是一种科学无法解释的现象不得而知，最后还是对于直子的离开很困惑。回去了，也就开始了。 ,0,0,0,,,,
10,4126868732592680,圆的良品,2017-07-07 13:34:03,@刘大可先生，你的微博问答《以量子力学为代表的现...》太棒了，我很喜欢！ 这个回答值得看五遍！如果看明白一半，你的人生会大为改观。与之相匹配的是，你得付出相当大的努力研究研究最新的科学知识。我想非常诚挚地告诉刘先生，我用量子力学的一些基本概念，解构了自己的人生之巨大困惑。,0,0,2,,,,
10,4119942951903985,对应平衡态,2017-06-18 10:53:27,历史总是惊人的相似。 他们不是忽略一些客观的实验观测，就是塞进一些臆想的概念。 如果一切都以客观的实验观测为标准，就不会把科学带入玄学了。 因为如果最基础的假定是正确的，观测结果也是可预测的。 解释只是满足人的困惑，解释的再完美也不是真理。 真理必须从客观的实验观测中获得。 ,2,0,7,,,,
10,4099439515903754,保健大使戴光强,2017-04-22 21:00:07,我昨天从北京赶到上海，今天上午在上海为近200名营养健康工作者做《补的现代概念》讲座，太受欢迎了，讲座结束后，听者围着讲者希望进一步沟通和留影。还有不少听者在微信留言：“您讲课的风格幽默风趣，以事实为依据，以科学为准绳，解决了很多人对营养学模棱两可、一知半解的困惑，谢谢您！”“您的课太有感染力了，太棒了，意犹未尽呀！”“您的一堂课，可拯救一个家庭，可发展一个事业，可洗礼人的思想……”。看来，这个题目的讲座还要讲下去……,36,4,17,,,,
10,4095302745341132,修雷丁格,2017-04-11 11:02:04,共时性原理――这个从符应、感通、与和谐等荒废的概念中脱胎而成的现代词语的提出一方面可使心灵感应、特异功能以及其它形式的令人困惑的超常经验获得某种解释，另一方面可能会为物理学、生物学等自然科学的研究开辟出一条新的道路。 ,0,0,1,,,,
10,4073886137808184,咪夏夏夏夏,2017-02-11 08:40:07,“幸福有没有标准？我认为，现实生活离不开比较，但是幸福的比拼，本身就是比较荒诞的事情。幸福耐不住人家打扰，经不起科学研究，当幸福成为指数，诚为概念，成为一种标准时，也就变得遥不可及。” 言语题解决了生活中的小困惑。 ,0,0,0,,,,
10,4050811417309188,ZK-LEGEND,2016-12-09 16:29:25,文科理科这个分类概念，不太喜欢，人文与自然科学这对概念还是更贴切的，一直认为，人文思考，指引方向，自然科学是人类进步的阶梯，两者缺一不可。至于读书的意义（能否转化为成果）可以听听最近一期的观复嘟嘟，不求解答所有的困惑，但至少也能得到一份淡然。,0,0,1,,,,
10,4046880243791988,zmx21695,2016-11-28 20:08:20,【赵本宣科】  大家都知道，源于道家学说的辟谷养生法源远流长，然而在以辟谷为代表的一些传统养生的激烈主张者那里，科学概念往往被有意无意地歪曲，科学思想则常常被曲解。这让许多人很是困惑！何为辟谷网页链接 ,0,0,0,,,,
11,4022162224486834,hello布丁123,2016-09-21 15:07:45,#2016读书计划# 19/48《向伪心理学说不》，读完后对心理学的范畴更加困惑，超出以往认知。内容围绕着“心理学是科学”，举例说明大多是怎样辩证伪科学，如概念建立在不可观测的基础上、没有证伪的可能性、以相关代表因果关系、过于信赖见证、忽视偶然性等。一读类似的书我都一脑浆糊，进入思维漩涡。 ,0,0,0,,,,
11,3992343809796160,偏锋走剑,2016-07-01 08:20:01,"&quot;概率的概念在哲学上令人困惑。部分的困惑在于，“概率”这个词似乎具有不止一种含义。&quot;，选自：&quot;牛津通识读本：科学哲学(中文版)&quot;，作者：萨米尔•奥卡沙, 韩广忠 网页链接 ",0,0,0,,,,
11,3978036209242734,lygroup2014,2016-05-22 20:46:43,LB工作坊：范式，指的是常规科学所赖以运作的理论基础和实践规范。它是从事某一特定科学的所有成员所共同遵从的世界观和行为方式，代表该共同团体成员所共有的信念、价值、技术等构成的整体。这也是我看过的解释的最为清晰的一个概念，我之前也是很困惑范式和图式，之后我会详解。 ,0,0,0,,,,
11,3968197725747093,用户1607416531,2016-04-25 17:12:06,发表了博文《酸奶里隐藏5大秘密》按：99%的人不知道哦！酸奶里隐藏5大秘密2016-02-16（文/中国农业大学食品科学与营养工程学院副教授范志红）面对种类繁多概念热闹的乳制品货架，你有没有感觉困惑？酸奶里隐藏5大秘密 ,0,0,0,,,,
12,3915752429773050,火柴人-hq,2015-12-02 23:53:13,五大名窑的困惑： 五大名窑的困惑 宋代五大名窑是藏友的爱，也是藏家的恨，爱在宋瓷的高度，创新，独特；恨在宋瓷的希有，混乱，迷惑。宋代五大名窑的概念初见于明代，按照现代科学的观点，无论...文字版&gt;&gt; 网页链接 （新浪长微博&gt;&gt; 网页链接） ,0,0,2,,,,
12,3840522475136169,北卷一是稀有动物,2015-05-09 09:36:14,其实对于白银盘整的区域我困惑了良久，，我很难理解类似古怪的大K线排布，，可我一贯笃信的概念就是：：虽然金银为大手掌控，，但其技术走势仍是科学的、、正理的，，这是我几次沥血的经验总结。。。直至昨晚我才幡然晓悟，，白银盘那么久究竟在则甚。。。。附图：：昨晚我3613的买点 ,0,0,0,,,,
12,3840351079203180,锡山楓林,2015-05-08 22:15:10,#《科学课》文摘#教师语言的启发性体现在学生出现困惑、迷惑的适时点拨，把学生带出思维的泥沼，让学生在探究的道路上继续前行。在这个案例（“水能通任何有窟窿眼儿的东西”），科学教师布小姐就在孩子们形成概念的关键时刻进行点拨，让他们探究到了水的一个重要性质：“水能通任何有窟窿眼儿的东西” ,1,0,0,,,,
12,3807915032509339,用户5478683045,2015-02-08 10:05:54,科学喂养宝宝一定要按顺序来 | 　　从宝宝降生的第一天起，喂养就成了伴随其成长的大事，新妈妈们的困惑也随之不断出现。在宝宝成长的各个阶段，怎么才能做到科学喂养？国际儿科学会委员丁宗一给出了“衔序喂养”的概念，即母乳 网页链接 ,0,0,0,,,,
12,3804761289553873,wang_wangyue,2015-01-30 17:14:02,&quot;所谓科学或者科研，就是各种奇思怪想（形式）的问题和各种深刻（本质）的问题让自己内心深处对宇宙产生深刻的困惑，然后用科学的方式（数学+理论概念+实验）把这种困惑表达出来，乃至一步步明晰化甚至解决。&quot; 网页链接  ,0,0,1,,,,
13,3767342959915828,自然的张侃,2014-10-19 11:06:58,从医治的疾病看，应该是所精神病医院啊。心理健康、心理亚健康、心理困惑、心理障碍、心理疾患、精神病、重症精神病，是一个连续的谱系。不同阶段需要不同的帮助或者治疗。概念科学、准确是一切心理健康促进和精神病医治的基础。,19,11,20,,,,
13,3752121629190197,花子直播间,2014-09-07 11:02:49,发表了博文《【花子&amp;bull;发现】她是世界上最美的女人？快来鉴定》美是一个相当主观的概念，科学家和数学家困惑了几百年，都是为了寻找一个终极答案：到底人的脸要怎样才是看起来最美的？18岁的英国女孩Fl【花子&amp;bull;发现】她是世界上最美的女人？快来鉴定 ,0,0,0,,,,
13,3744668804062005,虹儿宇潼,2014-08-17 21:27:57,【她是世界上最美的女人？】美是一个相当主观的概念，达芬奇花了一生努力作画，科学家和数学家困惑了几百年，都是为了寻找一个终极答案：到底人的脸要怎样才..她是世界上最美的女人？ （分享自@搜狐新闻客户端） ,0,0,0,,,,
13,3744564508554387,心痛心碎了一地,2014-08-17 14:33:32,美是一个相当主观的概念，达芬奇花了一生努力作画，科学家和数学家困惑了几百年，都是为了寻找一...(来自今日头条    客户端下载：网页链接 )    分享自酷派瀑布流 ,0,0,0,,,,
13,3726543484663091,GoodWords良言,2014-06-28 21:04:24,产业地产的核心是两个，一个是产业升级，一个是区域升级。产业化与城市化之间有个度的安排，很多项目遇到困惑其实都是度的问题。产城融合，不是概念，势必要从整体上做出科学部署。形成一个总体的开发策略。产城融合才能落地。[呵呵]@小冰,1,12,0,,,,
13,3724162218132974,瑜伽科学_718,2014-06-22 07:22:07,“瑜伽”是什么？ “瑜伽”究竟应该怎么练？ —— 这是当今众多瑜伽爱好者们的普遍困惑！ —— 必须创建“现代瑜伽”概念科学诠释里程碑！ ,0,0,0,,,,
14,3697959684006580,优家荟,2014-04-11 00:02:36,分享我们所打造的“现代女性私塾”的概念和感觉，参禅的席地而坐，轻松严谨的课堂氛围，深度热烈的探讨，林间晨起的漫步，科学的饮食调理，让每位学员学到知识，领悟心性，养身瘦身，交到朋友。6月我们将迎来第二届【喜悦和觉醒】的开班，帮助更多女性解决人生问题和困惑，获得更愉悦丰盛的幸福人生。 ,1,0,1,,,,
14,3688019028569562,童年汇儿童教育上海总部,2014-03-14 13:41:59,#社区图书漂流#数学最让人困惑的是为什么这样和有什么用，很多人即使大学毕业也不明白，《走进奇妙的数学世界》完美地阐释了数学的本质，把数学和生活紧密联系在一起。以两个小矮人贯穿全文，图文并茂，讲故事、出谜题、做游戏，游戏背后蕴藏数学概念让孩子以最简单、最科学的方式走近数学，爱上数学！ ,7,6,2,,,,
14,3653325834879344,杨梅红艺术教育,2013-12-08 20:03:37,【杨梅红好书】数学最让人困惑的是为什么这样和有什么用，很多人即使大学毕业了也不明白。而这套书以两个小矮人贯穿全文，图文并茂，讲故事、出谜题，做游戏，游戏背后蕴藏着数学概念，层层深入，完美阐述数学的本质。精心绘制的优美图画，让孩子领略科学与艺术的双重美感。 ,12,5,3,,,,
14,3647357050712975,芭蕉老窝,2013-11-22 08:45:48,转：哈佛大学ALEX KRIEGER教授，谈在中国做设计的五大困惑：1.Icon和Idea 概念混淆 ，每个项目都想作地标；2.巨大的空间尺度，人似乎不是、至少不是服务的主要对象；3.用地规划伪科学；4.到处都是生态城，但看不出为啥生态；5.市长和书记到底谁做主。 我在:怡乐路 ,0,0,0,,,,
14,3613730816776836,汉斯出版社-编辑部,2013-08-21 13:47:10,#汉斯前沿#【系统的内在奥秘—从“涌现”到“涌生事物”的探索发现】：涌现作为系统科学的核心概念，被广泛接受。涌现是系统的外象机能，揭示了系统外在显现整体性的机能奥秘，但不是直接的内在对象。系统科学进入复杂性研究阶段后，系统及涌现自身的内在复杂性带来了研究的困惑。网页链接 ,0,0,0,,,,
14,3605401121821154,椒江叶Sir,2013-07-29 14:07:56,内涵极深，需细细研读。最适合基层吐槽，中层思考，顶层看到。从警务理念中警车概念转变，到内部管理的科学与法制，到警用合法暴力的合理使用与执法理念，你看懂了多少？这些敏感的话题，正困惑着警察执法的每一个细节，如何正确面对，如何改变思想，如何面对群众监督，如何更新执法警务理念，需思考！,3,2,0,,,,
14,3578928004485439,自我的启蒙,2013-05-17 12:53:12,在相信老祖宗中医瑰宝的同时，你为中医的玄、不可量化而苦恼吗？为气、脉、穴位、上火、虚等概念而困惑吗？建议看「气的乐章」，把科学武装过的知识体系和中医智慧对接，让我们快速学会养生！ ,1,2,1,,,,
15,3557157813129531,china-pub数理化,2013-03-18 11:06:14,【新书预定】《智者的困惑:混沌分形漫谈》引领读者跟随近代科学、数学史上青史留名的一批智者，历经一次混沌、分形思想形成与概念发展的百年之旅。读完这本思路清晰、内容丰富、故事迷人、妙语连珠的科普佳作，你必能掩卷赞叹：数学——科学发展的真正动力！ 网页链接 ,27,1,1,,,,
15,3513827419001078,赵艳荣,2012-11-18 21:26:44,最大的收获是书看懂了，学了很多公式；最大困惑是不会做题外加要考试，我想进一步了解和辩明的问题是那些科学家怎么那么有空有动力弄了那么多死鬼概念和公式的。。。我不想明辩了。可以不……@龚某某某在祈祷 @X-广玲 ,0,0,0,,,,
15,3496452984931437,jjrousseau,2012-10-01 22:46:53,1927年，玻尔用大量的哲学语言解释他提出的互补原理，导致了当时大部分科学家的震惊和困惑。爱因斯坦于1935年提出爱波罗悖论（EPR paradox）来质疑量子力学完备性，这带来的结果就是量子纠缠（quantum entanglement）这一概念的横空出世。 ,1,0,0,,,,
15,3492067118559112,阿刀来了,2012-09-19 20:19:03,个人觉得普罗米修斯不是一个有逻辑有递进有条理有内涵的完整电影。除了画面极具质感和想法比较创新外，很多概念都只是昙花一现，没什么逻辑说服力和潜在关联，结尾太突兀，感觉什么都没讲。到底目的是想表达个什么？铺垫悬念也需把之前的想象空间科学靠谱化和繁杂概念的可塑整合吧。我是表示十分困惑！ ,0,5,0,,,,
15,3479203200579161,自愧不二的饺子,2012-08-15 08:22:26,@阳光下的小竹子: 关于自助图书机的成本和人力问题，在其乍现当时我有此困惑，认为应只作概念型小范围适用，结果机器不但越来越推广还跃龙马了。总结：1中国的文化官员乐衷于有科技创新的粉饰，尽管科技的投入产出不科学；2社会效益可敷衍一切不效率；3中国的官员都认为跟机器打交道比和人打交道更简单,0,0,0,,,,
15,3479047189676038,不無之地,2012-08-14 22:02:28,最近，忽發奇想將“禪學”理念，與當代心靈、心理概念結合，發掘兩者相關性。其中“海靈格科學”透過排列形式，將人心內在未被覺察的一面呈現出來，並輔以心靈移動解困惑，但亦非一勞永逸，仍須人心努力，才得以明顯蛻變。故此，嘗試以“禪修”的基本架構，相應“系統排列”的單元，併合新的可能。 ,0,0,0,,,,
16,3460428220801670,京城白居易,2012-06-24 12:57:22,&quot;Carl Pabo是一位研究人类认知论的分子科学家，他指出：「认知超载确实存在巨大的风险。」人脑的短期记忆只能处理七条信息，人脑只能同时处理四个概念或关系。如果需要处理更多的信息，特别是复杂的信息，人就会变得困惑。＂----胡赳赳「北京的腔调」 ,0,0,0,,,,
16,3437947515201247,享受收获之美,2012-04-23 12:07:04,近十年的均衡发展之路，我们走的并不平坦。有探索也有困惑，有思考也有分歧，甚至有人得出在我国目前的历史条件下，是一个伪命题的结论，得出这个结论固然未必科学，却从另一侧面反映了均衡发展的重要性和见艰巨性，正因如此，我们需要理清概念中统一思想，在实践中达成共识。 ,0,0,0,,,,
16,3413841738573986,四倦散人,2012-02-16 23:39:19,至此，＂道生一，一生二，二生三，三生万物＂、＂万物皆有灵＂、＂心电感应＂，乃至＂五蕴＂、＂六道＂、＂转世＂、＂轮回＂...一切科学、哲学、宗教的概念和学说终于得到了空前完美的统一，所有理论上的问题和困惑都已迎刃而解。剩下的就只是身体力行的实修了。 ,0,0,0,,,,
16,3402205107484644,黄金瓜瓜,2012-01-15 20:59:30,最简单的仪器和设备，发现最根本、最单纯的科学概念，就像是一座座历史丰碑一样，人们长久的困惑和含糊顷刻间一扫而空，对自然界的认识更加清晰。这也是我对物理课堂实验的追求！ ,0,0,0,,,,
16,3395753847952830,曹国俊a,2011-12-29 01:44:30,一直被“二律背反”所困惑。宗教上没有“上帝”他们不会思考问题，哲学上他们没有“概念”他们不会思考问题，科学上他们没有“公理”他们不会思考问题。总之西方人没有起点就不会思考问题，而且“起点”一旦确定就不能改变。所以西方人为了解决这个问题就得不断地否定自己，不断地进行革命。革命论也好 ,1,1,0,,,,
16,3377853727932708,郜随印,2011-11-09 16:15:49,人才市场星罗密布，人才服务五花八门，人才概念众说纷云，人才研究迷茫困惑，人才水平差强人意，人才需求如火上房。人才管理信马由性，人才创新有胆无识，人才环境变化无常，人才未来科学率先！ ,0,0,0,,,,
16,3377565998609159,自由的行者2011,2011-11-08 21:12:29,主观和客观、理性和感性、辨证和形而上、唯心和唯物、科学和信仰、经验和先验，明白这些概念及其关系，管理方法的困惑或许就减轻了。如何应到实践中呢? “道可道，非常道“。 ,0,0,0,,,,
17,3363675181022220,叶伟伟微博新观察,2011-10-01 13:15:20,@21世纪商业评论杂志 关注什么？ 真实焦虑；真实困惑！怎么去做？ 深入的案例研究；提供什么？场景化、切实有效的商业理念和商业方法；做了什么？国内首家科学定义#商业模式#的概念，建立商业模式内涵分析架构体系； 网页链接 更多关注，更深价值。#爱传媒# ,0,0,0,,,,
